country,y1985,y1986,y1987,y1988,y1989,y1990,y1991,y1992,y1993,y1994,y1995,y1996,y1997,y1998,y1999,y2000,y2001,y2002,y2003,y2004,y2005,y2006,y2007,y2008,y2009,y2010,y2011,x1985,x1986,x1987,x1988,x1989,x1990,x1991,x1992,x1993,x1994,x1995,x1996,x1997,x1998,x1999,x2000,x2001,x2002,x2003,x2004,x2005,x2006,x2007,x2008,x2009,x2010,x2011
Aruba,,,,,,,,,,,,,,,,,,,,,,,,,,,,,,,,,,,,,17342.47194,16441.38126,16586.1923,17927.41203,19081.57029,19356.42087,20619.56585,20671.54574,20433.65411,20834.93971,22566.68216,23302.83199,24015.42061,25921.53823,27549.88942,24640.42124,24289.14152,25353.78754
Andorra,,0,0,0,0,0,0,0,0,0,0,0,0.5,0,0.2,0.5,0.6,1,0.5,0.7,0.6,1.5,2.7,0.1,0.3,0.3,0.5,7775.026964,10362.16684,12615.05112,14305.2085,15166.91375,18876.72928,19530.8435,20541.7739,16508.87522,16226.97108,18460.00743,19038.79883,18405.3201,18969.97799,19323.89255,21432.96007,21897.66294,24175.37275,31742.99258,37235.45003,39990.33041,42417.22915,47253.5298,46735.99957,42701.44714,39639.38602,41630.05258
Afghanistan,,4,2,5,1,0,1,1,0,0,1,0,0,0.2,1,0,0,0,1.2,2.8,3.9,4,3.8,6.6,11.7,5.5,7.7,,,,,,,,,,,,,,,,,119.8990371,192.1535283,203.6510409,224.9147122,257.1757947,280.2456441,380.4009552,384.1316813,458.9557816,569.9407288,622.3796544
Angola,,0,0,1,0,1,2,3,3,2,2.9,1,2.6,0.8,3.4,4.4,5,4.6,1.1,2.6,3.5,2.6,3.2,2.2,6.2,6.9,6,684.0968384,665.0904024,648.1482922,632.2169141,924.1296916,898.6445744,996.1993625,477.0181236,430.6852266,320.9421923,386.3890395,560.6369791,554.1552436,454.2693489,421.3758457,606.2696252,574.1951589,775.7654794,850.0756971,1135.605363,1576.162047,2253.839634,3151.020675,4242.365654,3678.9492,3886.478494,4744.985104
Albania,,0,1,2,11,6,15,8,12,17,15.1,18.6,10.4,14.5,15.9,6.7,10.3,16.8,8.9,7.3,9,10.2,12.3,13.5,8,18.3,26.9,662.9147926,719.1572957,699.3842921,676.5667325,723.4096102,639.4638993,348.711327,218.4921623,380.5273711,619.0649227,760.5593582,951.1320914,697.5945647,871.8936539,1104.743553,1193.466223,1336.859141,1458.328047,1859.552352,2466.00508,2781.572144,3051.76764,3603.01356,4370.539925,4114.134899,4094.360204,4437.811725
United Arab Emirates,,13,20,23,30,33,57,77,109,98,120.2,143.1,151.6,155.5,129.9,144.7,156,163.3,178.3,210.2,229.3,229.6,214,255.5,264.8,276.1,323.5,30067.13419,23727.69882,23953.34057,22476.97149,24218.55277,27989.3013,26945.65915,26864.18811,26141.33065,26495.82156,27973.74282,29813.37231,30378.54534,27681.31128,29278.76942,34207.53988,32105.64874,32355.41048,34294.89493,37179.6829,40298.52422,42950.10058,42913.78403,45720.0179,32905.05385,34341.91129,39778.48971
Argentina,1190,1459,1475,1423,1518,1627,1499,1526,1585,1747,1967.2,2287.2,2450.8,2550.7,2635.8,2846.1,2930.7,3178.1,2919.8,2981.6,3058.4,3264,3364.3,3567.1,3655.2,3767.6,3862.8,2909.516802,3595.086131,3546.71882,3969.327661,2375.33925,4318.774568,5715.504232,6797.752814,6940.698758,7449.480605,7373.427403,7683.573848,8172.665235,8248.76472,7736.372578,7669.273709,7170.689698,2693.106019,3382.900812,4732.803709,5694.419249,6649.413534,8250.244684,10054.11177,9277.425945,11227.8385,13439.94146
Armenia,,0,0,,,,,21,165,178,166,197.9,172.3,165.9,163.9,175.4,156.7,172.8,184.1,191.2,179.9,179.5,174.8,190.7,164.2,183.4,184.6,,,,,,636.68069,589.0029482,368.9168368,356.5073514,399.7512025,455.5502761,503.2319696,522.522072,608.3366487,596.5059963,621.4248263,692.3016309,779.8296261,924.4640098,1181.968445,1625.407769,2126.618661,3080.970959,3919.975474,2915.583906,3124.784018,3417.171836
American Samoa,,,,,,,,,,,,,,,,,,,,,,,,,,,,,,,,,,,,,,,,,,,,,,,,,,,,,,
Antigua and Barbuda,,0,0,1,0,0,0,0,0,0,1,0,0,0,0,0,0,0,0,0,0.5,0.3,0.8,0.5,0,0.1,0.2,3070.43927,3806.149554,4512.53968,5415.84781,6025.847582,6325.240905,6575.480383,6680.375752,7037.93903,7514.483547,7230.320509,7702.670148,8027.630989,8355.618496,8572.373329,10094.75889,9797.96854,10027.85604,10382.63072,10993.36905,12079.8657,13599.90886,15276.06826,15786.17284,13979.26269,13017.31039,12817.84157
Australia,8247,10121,9831,9896,10730,10664,10742,11452,11929,12695,13125.4,13623.3,13815.7,14307.4,14341.1,14588.6,14484,14255.2,14933.6,15588.9,15974.4,17217.1,17833.8,18776.5,18932,19516.7,20602.6,11436.44754,11363.97745,11627.79453,14262.30342,17810.61462,18221.10499,18840.64044,18594.64928,17661.65887,18083.1385,20364.2497,21921.7799,23526.28664,21341.72965,20537.47184,21666.95168,19496.63871,20062.22114,23445.18676,30449.61965,33995.85167,36100.55852,40976.45219,49650.41754,42702.19828,51801.04895,62133.61078
Austria,2179,2342,2271,2241,2675,2690,2756,3047,3051,3177,3425,3646.2,3947.4,4074,4157.8,4257.1,4479.5,4460,4692.1,4716,4567.9,4614.3,4827.2,4815.6,4833.2,4922.8,5102.5,9149.999145,13051.55285,16353.27476,17536.26982,17426.86,21628.75363,22356.92109,24820.22854,24023.51502,25584.91877,30252.79469,29742.43697,26646.88677,27289.6321,27116.67208,24517.26515,24489.73776,26351.3815,32102.92638,36693.39958,38242.05007,40430.99361,46586.6486,51386.37841,47654.19387,46593.38922,51130.96905
Azerbaijan,,0,0,,,,,15,197,189,139.1,118.2,85.8,92,65.7,78.6,67.9,78.1,110.3,110.1,115.9,116.4,96.8,100.2,150.9,144.7,148.7,,,,,,1237.324492,1209.237493,676.1515115,530.0903798,436.1905586,397.1981161,409.2167452,505.5605732,561.9103017,573.8902562,655.0974326,703.6712504,763.1012122,883.614009,1045.026415,1578.36733,2473.085776,3851.437869,5574.603802,4950.294791,5842.805784,7189.691229
Burundi,,4,9,6,10,3,5,6,3,9,10.4,7.9,11.5,2.2,5.1,0.7,2.9,1.3,5.1,3.1,2.5,1.2,3.2,2,2.6,5.9,3.4,240.8707878,243.4402474,221.4835184,204.8387173,204.2220618,201.6876563,202.6934403,183.7173204,155.9216027,150.8028052,160.3499893,137.2141027,151.5321043,137.2515028,121.9977308,128.6355365,126.2170813,115.2798795,106.0169747,119.460135,140.8151399,154.9245328,159.2654739,182.6877961,190.3942088,214.230985,240.6144771
Belgium,3424,3658,3588,3586,3905,4103,4164,4431,4512,4949,5171.6,5554.4,5531.8,5687.7,5712.5,5735.4,5827.3,6036.7,6303.8,6625.4,6847.2,6736.1,7077.8,7298.1,7221.9,7389.4,7483.9,8784.156019,12216.40053,15193.51894,16453.53639,16588.0125,20678.85194,21121.81831,23461.66786,22368.8285,24300.7853,28522.07455,27646.04854,24957.55752,25465.25326,25391.73533,23151.95374,23078.41806,25006.79135,30702.51349,35547.53586,36927.99908,38936.33091,44449.68906,48561.3564,44999.20158,44360.90169,47801.5969
Benin,,0,6,7,5,6,13,8,11,9,13.7,13.7,21.4,19.3,21.2,25.1,21.1,29.4,27.5,30.8,27.9,29.9,43.1,43.6,47.7,47,51.2,243.9115095,302.6655703,343.6791653,345.809265,310.6327258,391.8934468,383.2953624,315.2182868,407.450188,276.1591211,362.4709495,382.2854406,356.5782605,375.0241065,369.2449748,339.4730257,348.3345495,378.6587084,464.046143,511.2929789,532.6109982,557.2294112,632.9938772,739.226102,712.5300628,690.0022811,745.4226606
Burkina Faso,,14,0,20,15,16,23,19,19,17,13.2,17.2,22.1,32.1,22.9,25.6,25.4,27.8,40.6,41.8,32.3,48.5,42.9,43.4,49.9,54.3,52.5,200.8942925,256.7624483,291.1318566,313.0618536,304.8533677,351.9793628,346.4104428,240.9634032,244.1271502,193.0702756,235.832244,249.3587559,229.4880613,255.709631,267.1861609,226.8016078,235.5079325,260.808434,332.4237687,371.3951961,406.9988374,422.479938,474.7109451,569.0142638,551.8432409,574.4580893,665.8074467
Bangladesh,,124,112,95,99,116,104,151,153,136,162.1,156.3,136.3,141.5,166.6,154.8,181,150.6,200.1,186.7,195.1,218.6,235.3,237.4,259.6,270.2,290.8,239.5138363,228.6412769,250.7981495,263.7341157,269.1290919,294.5636911,285.296976,285.6978098,292.3645263,291.3258679,320.3619277,383.8299551,390.4079054,396.1696495,398.2295463,406.5317405,403.5945462,401.7081533,434.0465632,462.2748798,485.8528881,495.8537802,543.0822631,618.0758836,683.6144223,760.3319352,838.5478017
Bulgaria,1079,1158,1125,1089,1219,1216,1169,1218,1380,1024,958.6,954.1,985.4,929,867.3,909.3,746.7,814.8,774.7,807.8,766.5,766.8,801.4,761.4,735.4,675,650.3,1959.938701,2261.757727,3168.865189,2561.108702,2449.800809,2377.335894,1267.734375,1214.484971,1278.517237,1149.378063,1554.7218,1208.952168,1346.936796,1772.034207,1663.676702,1634.424653,1783.454845,2077.063986,2697.15736,3331.090943,3785.574474,4370.639076,5783.399218,7115.911824,6738.100352,6580.813875,7588.808942
Bahrain,,24,19,31,53,46,41,34,35,44,42.2,36.8,36.2,30.4,34.9,21,24.8,20.4,38.2,35.5,33.3,40.9,48.3,43.4,35.8,42.1,39.9,8706.829109,7041.488437,7554.713651,7958.115179,8030.253889,8528.759994,9057.563616,9088.631532,9707.567214,10138.47486,10376.36453,10523.0818,10620.34371,10005.50286,10331.0113,13590.88251,12917.73906,13279.39897,14542.0028,16275.61329,18418.07267,19669.31955,21167.61871,23043.02532,19166.70824,20386.01756,22238.71195
"Bahamas, The",,2,2,4,3,1,0,2,1,1,1.3,1.7,0.8,1.4,1.2,2.5,3.1,2,2.8,1.4,1.6,1.3,4.6,3.1,2.5,2.8,2.5,9888.615756,10339.47778,11150.78166,11381.95948,12157.7892,12350.88048,11914.81213,11682.12886,11402.65152,11812.12238,12239.82781,12717.06038,17288.05651,18456.99077,20505.94743,21241.16539,21497.30816,22505.40479,22008.4337,21995.51992,23405.87955,23721.15628,24306.14242,23657.36531,22043.01257,21920.51659,21514.89865
Bosnia and Herzegovina,0,0,0,0,0,0,0,0,14,11,10.2,6.6,10.7,13,9.5,9.6,16.8,9.1,18.5,14,26.1,29.5,53.7,41,63.8,68.2,54.1,,,,,,,,,,314.5596038,481.1650449,731.1209697,971.5460732,1090.257093,1238.173385,1451.664002,1512.992985,1746.486383,2192.647078,2619.753258,2844.391988,3269.548528,4020.672302,4873.206648,4498.722971,4392.792625,4779.999301
Belarus,,0,0,,,,,30,708,1021,650.2,567.8,596.3,583.4,578.6,572.3,502.7,492.3,520.6,496.8,490.6,446.7,411.5,387,380.2,335.2,341.6,,,,,,1704.740304,1747.438671,1666.227513,1590.035409,1460.017544,1370.67271,1452.447002,1396.502166,1511.770268,1209.614881,1273.049124,1244.441997,1479.465321,1819.479028,2378.374894,3126.367778,3848.586203,4735.956889,6376.173115,5176.044701,5818.854859,6305.773662
Belize,,1,0,1,2,0,1,2,2,1,2.3,1.3,3.7,0.8,2.5,0.3,1.7,0.9,1.6,1,3,2.9,1.1,1.9,2,2.8,2.5,1268.221398,1343.69287,1586.395604,1758.972211,1979.342672,2202.322556,2326.833728,2666.431832,2832.576727,2879.640814,2995.872431,3001.166965,2952.050919,2991.338926,3064.997657,3363.160704,3419.130825,3557.091098,3679.792815,3831.60983,3933.234373,4187.23289,4324.831017,4470.220796,4258.842876,4344.136669,4517.123997
Bermuda,,,,,,,,,,,,,,,,,,,,,,,,,,,,18269.53552,20450.66453,22411.79567,24253.17552,25517.92172,26841.51974,27700.30952,28669.68226,30900.69489,31476.06312,33989.72236,44826.78907,48478.88325,51371.74081,54245.45974,56284.16865,58883.95943,62583.1002,66111.72523,70359.31911,75882.03386,83912.6978,90849.58698,93605.74817,88463.31282,88207.32756,85973.15842
Bolivia,,5,11,8,14,17,11,15,23,24,23.9,21.3,34.7,28.2,40.7,29.1,28.9,33.2,38.8,31.7,39,43.1,50.6,49.6,45.2,42.5,46.9,865.69025,624.71542,672.5651749,697.3705601,701.4646141,709.9486541,764.139198,791.3772592,788.4028335,806.2176361,887.4608946,958.471629,1006.971765,1058.71259,1012.508279,1006.996355,958.2334134,913.5758534,917.3679037,978.3347576,1046.432708,1233.592974,1389.63175,1736.924014,1776.85719,1981.160105,2376.262711
Brazil,1465,1777,1766,1766,2117,2374,2640,3107,2885,3073,3436.1,3813.4,4497.6,5234.1,5859.3,6407.3,7052.3,7881.1,8330.2,9573,9896.7,10799.5,11890.8,12909.3,12307.3,12529.5,13148.1,1629.264909,1919.864804,2064.654011,2276.240556,2879.49987,3071.627953,2663.786447,2513.637934,2777.348239,3482.529816,4827.327609,5163.265813,5279.150475,5083.626495,3476.080826,3738.719412,3136.496733,2810.23079,3044.255027,3597.978836,4733.183546,5809.117874,7241.07895,8700.613339,8462.389117,11124.07688,13042.1977
Barbados,,20,19,19,17,15,13,18,14,19,16.5,11.4,16.4,15.3,13.5,14.2,22.3,20.1,26.8,29.2,17.6,19.8,15,21.4,12.6,12.9,16.3,4681.690021,5124.161803,5623.503168,5960.351389,6567.340317,7770.814922,7681.805193,7440.957495,7777.495024,8148.382059,8536.959158,9069.236722,9549.929441,10727.63541,11200.47556,11560.64009,11498.00876,11671.62101,12014.94155,12851.76004,14201.88093,15646.81501,16461.82927,16569.60496,16526.25455,15901.43294,15530.89429
Brunei Darussalam,,1,1,2,4,2,7,14,4,11,9.5,8.3,9.7,15.2,21.3,22.2,10.3,11.5,19.2,14.8,13,10.7,16.2,11.9,10.6,10,14.6,15797.482,10280.76619,11672.44444,11084.31535,11954.40013,13701.89704,14002.10713,15381.31391,14678.07159,14220.63634,16046.98158,16913.93536,16779.33847,12784.76622,14205.77372,18154.83493,16616.79805,17016.94349,18758.98089,22131.94606,26337.95767,31157.03487,32707.66806,37799.28247,27727.06682,31453.00594,41786.58889
Bhutan,,0,1,0,3,1,0,2,2,3,2.3,0,1,1.5,0.5,1.3,1.2,2.8,2.3,5.4,1.9,8.8,3.4,3.2,6.9,4.9,8.3,367.1936676,415.9357837,505.4026208,548.9719598,521.364502,559.8216186,467.65687,474.9128636,453.3890923,529.5484886,595.5104134,617.5547709,702.5389844,706.5620391,764.1242599,778.391266,820.2028589,897.4453332,1009.006232,1107.920596,1257.549353,1346.085775,1755.161709,1810.576177,1786.810672,2201.293078,2485.787052
Botswana,,24,14,9,20,17,18,20,28,19,28,39.1,31.6,34.9,38.7,54.9,50.6,60.4,66.5,63.6,48.4,67.1,61.6,57.8,44.9,32.9,49.7,942.3822437,1139.918568,1558.813288,2034.121209,2301.681184,2747.208443,2776.482572,2839.163319,2772.761381,2767.306839,3001.09541,3007.616636,3050.264225,2854.686912,3210.235178,3333.169207,3114.638493,3044.127021,4149.017397,4879.472573,5327.901027,5322.206808,5666.642513,5561.891347,5115.109116,6244.006549,7504.851222
Canada,16656,20871,20735,21391,22501,22792,22903,24180,23824,24565,23739.8,23841.8,22780.9,22200.7,22125.4,22701.3,21945.2,22341.5,23553.8,24232.3,25861.6,27205.9,27833.9,28636.7,29016.9,,,13991.21455,14335.74387,16158.98743,18814.56455,20586.55751,21302.39691,21591.13916,20692.72203,19936.37706,19785.67904,20509.00309,21129.43543,21709.29634,20875.24831,22109.60399,24031.9512,23573.75007,23995.01633,28026.00601,31830.01187,36028.23249,40243.55228,44328.47538,46400.44185,40764.14135,47463.63119,52086.53352
Switzerland,4895,5488,5305,5316,5548,5901,6098,6651,6871,7372,7220,7568.4,7863.9,7983.9,8194.5,8503.8,7949.9,7878.8,8133.9,8674.1,8766.8,9234,9195.6,9334.4,9472.2,9626.8,10018.6,16613.62773,23691.96879,29484.87397,31664.15617,30325.75896,38332.1548,38303.05074,39435.54023,38005.32055,41738.9696,48540.57355,46610.0577,40429.9352,41487.68954,40577.33322,37813.23022,38538.64307,41336.72164,47960.5636,53255.9767,54797.54675,57348.92444,63223.46492,72119.55903,69672.00863,74277.1216,88002.61459
Channel Islands,,,,,,,,,,,,,,,,,,,,,,,,,,,,,,,,,,,,,,,,,40538.06446,42406.93285,43299.40114,41609.01948,44158.04026,48227.66551,55844.11669,57209.24916,62260.22555,73568.23483,,,,
Chile,569,673,624,682,745,830,819,835,877,798,888.6,920.3,954.3,991.8,1058.9,1115.1,1159.4,1311.4,1406.4,1464.1,1559.3,1630.4,1741.2,1784.7,1867.8,1867.2,1979.2,1361.515363,1440.364457,1671.166627,1937.710621,2195.54149,2401.525181,2727.573825,3277.669086,3461.435092,3942.967594,5026.720634,5263.191366,5674.153008,5367.211824,4872.692148,5229.177098,4709.9234,4566.523326,4948.74818,6323.75764,7728.611897,9500.835162,10513.54071,10791.02019,10217.31403,12785.05187,14582.17052
China,1943,2911,3146,4619,5411,6285,6186,6956,7566,7821,9061.4,10526.1,12171.6,13781.3,15714.7,18478.7,21134.1,23269.1,28767.9,34845.6,41603.6,49575.1,56811.2,65300.5,74034.4,79991.3,89894.4,292.5479388,280.0980444,250.314587,282.056783,309.263385,316.2244304,331.4749293,364.7596704,375.8142788,471.7608796,607.5685555,707.0297373,778.9439349,825.5479152,869.6548516,954.5522433,1047.481895,1141.763506,1280.597181,1498.173796,1740.093186,2082.183363,2673.294191,3441.221355,3800.474542,4514.94052,5574.187093
Cote d'Ivoire,,46,42,32,26,34,36,37,32,47,39.9,31.1,40,53.9,47.9,48.7,45,36.2,52.6,41.6,39.4,41.1,37.4,38.9,56,46.1,44.4,686.909626,868.237923,922.0901681,904.5655337,830.7928079,887.3854461,832.6843954,854.836421,818.2228895,595.7925459,763.6688851,817.3361483,766.3339691,801.8595992,766.9335829,648.8107874,663.6413395,718.4531093,875.0860742,929.8933676,942.2163084,962.918425,1078.541541,1257.675707,1233.30488,1236.085144,1231.867849
Cameroon,,15,22,35,41,46,54,58,75,84,66,60.5,83.3,74.2,70.6,73.3,76.1,107.4,120.4,126.8,130.9,151.2,154.2,161.1,145.1,149.5,159.2,784.9096071,992.4963424,1115.211585,1098.755842,950.76221,923.8812783,1000.326413,890.5637193,1027.567165,680.6371849,626.9559952,679.7652389,668.9721044,637.3608802,675.923914,583.0948592,589.2039138,648.399602,791.1064565,892.8987619,915.0912134,965.3686883,1070.954675,1191.709554,1164.717254,1147.242347,1258.924651
"Congo, Rep.",,15,18,14,17,15,14,18,8,10,5.8,9.9,7.6,11.9,12.5,9.2,4.9,9.8,13.8,16.5,18.9,20.8,20.9,16.7,17.7,18.4,16,1037.062182,863.1240066,1043.434625,977.9183315,1028.272862,1172.757072,1112.128364,1166.334463,743.410575,667.6941418,777.5775374,908.7216322,808.2852124,660.1673277,776.3632945,1035.584462,877.626394,927.2695886,1049.317595,1362.198833,1737.611546,2144.834943,2259.269413,3094.10972,2428.260233,2953.185008,3453.221229
Colombia,,90,88,86,111,122,106,125,122,145,162.3,194.7,234.9,247.7,240.3,331.5,315.8,355.6,325.5,358.5,401.3,469.7,489.4,574.6,608.4,692.4,726.6,1125.202271,1103.338378,1125.261269,1189.140618,1175.932783,1175.149339,1181.081508,1385.866438,1541.712336,2218.784474,2470.683383,2553.549618,2759.952882,2509.139908,2164.432876,2472.197776,2395.856522,2355.725753,2246.257648,2740.249866,3386.025478,3709.076914,4674.21171,5433.706412,5148.411344,6250.6545,7227.77083
Comoros,,0,0,0,0,0,0,0,1,0,0.3,0,0,0.5,1,0.5,0.1,0,0.7,0.5,1.6,0,1.2,0.6,0.5,0.7,0.3,320.0487209,441.0119841,517.4904273,530.4501496,493.1307911,602.2748212,577.2890871,604.6334437,581.5867434,398.3663477,483.546301,467.5569478,418.7347925,414.0759902,416.8883867,368.6349428,391.9573097,428.7898239,538.6977112,609.6406852,614.8613146,640.743014,712.1200701,786.179548,768.7337502,759.263223,818.8613857
Cabo Verde,,0,0,1,0,0,2,0,0,0,0.3,0.7,0.3,0.2,0.6,0,0.2,0,1.3,0.3,0.3,1.2,0,0.7,2.1,1.8,0.6,438.6582261,597.3512052,726.1527905,803.707768,799.611667,899.2987882,915.5546927,996.3399903,1331.125879,1073.443426,1251.809027,1256.493175,1197.175871,1242.987493,1379.073093,1229.043944,1258.556939,1363.59302,1759.256354,1970.891406,2049.615693,2316.478971,3145.653941,3698.313412,3517.385582,3393.927212,3766.111473
Costa Rica,,44,48,55,55,54,55,62,61,66,65.8,74.7,76.5,72.7,69.2,80,90.3,89.1,88.9,84.9,105.6,80.1,100.2,107,98.3,102.1,106.4,1756.858105,1955.702554,2033.669135,2059.309157,2274.431575,2391.302218,2255.455651,2631.99031,2884.847998,3081.86803,3338.822979,3292.773898,3483.555227,3743.130436,4104.363689,4062.322308,4104.184083,4145.586093,4245.677021,4441.41216,4700.014926,5228.025413,6024.078487,6736.167819,6546.565554,7985.951035,8963.680052
Caribbean small states,,146.6075049,167.7101003,156.6765411,158.8678214,137.7595095,138.8795055,138.8795055,142.0599522,156.9020367,156.5839921,129.4214628,136.6057596,130.835163,119.6087296,107.8422592,141.4392708,142.0573593,139.3750853,149.175702,142.8826744,123.1,156.4898693,130.1898977,132.6139144,140.7086597,152.5840715,2651.050865,2385.52448,2546.38777,2685.043899,2726.574966,2949.665585,2908.817736,2840.609964,2933.266134,3088.365873,3359.650454,3624.171273,4016.801096,4374.905368,4618.644911,5001.544747,5103.003919,5350.525694,5698.364577,6174.530491,7023.836727,7843.767517,8664.817108,9824.803282,8221.347193,8637.577876,9253.986074
Cuba,,56,76,67,90,108,94,131,113,141,167.8,206.4,167,236.3,256.6,283.8,272.1,206,268.3,254.5,261.4,295.2,243.5,252.6,222.4,195,224.1,2273.283201,2382.60117,2455.24751,2645.610163,2577.237924,2706.975485,2280.248305,2057.220667,2071.510891,2621.135778,2790.070088,2283.564629,2305.927831,2330.81411,2559.92822,2749.463492,2841.176483,3003.288468,3201.250272,3398.620012,3786.875329,4677.709014,5193.484286,5385.740727,5494.925311,5688.666732,6092.613902
Curacao,,,,,,,,,,,,,,,,,,,,,,,,,,,,,,,,,,,,,,,,,,,,,,,,,,,,,,
Cayman Islands,,,,,,,,,,,,,,,,,,,,,,,,,,,,,,,,,,,,,,,30190.66868,,,,,,,,,,64104.7516,,,,,
Cyprus,,13,16,15,15,17,8,22,24,24,43,44.5,56.6,54.7,49.3,59,67.9,78.5,75.7,87.3,91.3,119.9,139.1,169,195.2,211.6,211.4,4488.287003,5642.631476,6690.577975,7645.629767,8038.914242,9641.575273,9696.099593,11310.07192,10526.14177,11617.69278,15233.34168,15105.21006,14169.7202,15035.90525,15208.77246,14307.35353,14723.21047,15988.27504,20110.12017,23578.42935,24738.00939,26455.13237,30915.48639,34950.3513,31673.45771,30438.90019,31836.61951
Czech Republic,0,0,0,2746,2995,3079,2881,3132,3308,2179,1954.5,2185.5,2304.4,2263.5,2359.9,2483.3,2571.2,2746.6,2820.4,3178.4,3172.1,3565.7,3689.7,3936.2,3948.5,4163.5,4126.5,,,,,,3901.525394,2867.229413,3338.654991,3916.051586,4583.584634,5765.048439,6473.435452,5980.258304,6447.463539,6293.304387,5994.528277,6594.717465,8011.898074,9741.058384,11667.63212,13317.72983,15159.14115,18333.9459,22649.37934,19698.49209,19763.9638,21656.39764
Germany,27310,25654,25300,29292,31821,32295,32929,35120,34103,36901,37645,39213.4,41414.6,42955,42962.9,43509.6,42677.7,42436,42230.4,43016.8,44194.1,44549.8,44428.7,44915.1,45017.3,45337.8,46258.8,9393.891746,13410.89658,16614.40953,17863.43736,17697.16304,22219.57218,23269.3818,26333.53744,25488.51952,27087.55845,31715.99782,30538.7025,27012.17132,27300.30325,26756.15168,23685.35075,23654.28277,25170.82421,30318.51641,34120.19126,34650.77818,36401.42251,41762.90891,45632.83678,41671.3027,41725.85007,45867.76648
Djibouti,,0,0,1,2,3,1,1,2,1,1.3,0.2,0,0.7,0.3,0,0.3,0.5,0.5,0.9,0.9,0.3,0.6,0.5,1.6,1.9,1.3,805.2271507,,768.9428872,756.3926458,732.3063355,768.8000207,757.2260003,762.3768642,729.0950423,756.5869902,752.8997877,733.8134276,733.1436747,736.503359,754.3497648,762.8838243,779.7667866,792.9638513,822.0970501,867.68359,910.3645074,974.5642374,1060.81494,1234.013356,1462.018889,1358.4605,1472.014205
Dominica,,0,0,0,0,0,0,0,0,2,0,0.3,0,1.5,0,0.1,2,0.7,2,2.3,2.7,2.7,2.1,2.5,3,3.2,2.1,1338.745022,1534.735667,1745.911811,2003.912077,2152.86027,2344.944441,2546.783072,2701.671727,2814.669124,3018.820482,3139.224475,3323.369413,3473.648555,3676.516625,3830.229979,4819.899954,4925.629692,4837.631934,4997.16258,5329.135796,5250.352561,5627.072822,6058.180506,6615.156232,7027.098935,6926.847597,7121.908609
Denmark,3194,3636,3432,3445,3722,3716,3776,4141,4068,4458,4330.1,4368.7,4597.4,4717.9,4783.3,4882.9,4916.7,4760.7,5005.8,5009,5047.5,5133.1,5240.6,5303.5,5307,5638.7,6071.3,12167.45463,17146.70467,21289.16344,22441.08831,21799.27792,26861.79859,26960.97561,29526.16569,27553.12351,29992.22227,35351.38071,35650.72434,32835.92877,33368.15485,33440.80162,30743.55917,30751.64946,33228.69291,40458.77064,46487.51491,48816.83586,52041.00297,58501.13832,64181.99467,57895.50122,57647.66876,61304.0612
Dominican Republic,,9,7,6,6,7,11,5,9,7,5,10,6.2,7.6,5.5,12.9,5.8,5.2,5.1,6.7,4.6,5.4,8.1,7.7,6.1,6.9,9.1,777.4219631,923.8795136,861.4006808,778.5101827,949.4036196,984.6914396,1327.447556,1510.024439,1704.850697,1871.667431,2072.68444,2258.258259,2400.136254,2551.865845,2575.482552,2802.488989,2862.428873,3008.326804,2371.608419,2434.794617,3619.030377,3817.977914,4596.400803,4931.62641,4902.780603,5358.967944,5786.905837
Algeria,,81,61,66,73,98,106,120,123,125,146.3,155.6,159.6,156.4,185.4,211.3,220.5,229.7,280.7,344,350.3,413.4,480.7,536.6,607.5,598.3,599.3,2567.495521,2740.65417,2790.474907,2402.825462,2202.558118,2394.420608,1721.582107,1766.065883,1797.541856,1499.984173,1444.907991,1596.006843,1611.961927,1588.422413,1580.957629,1757.011925,1732.9586,1774.292038,2094.893393,2600.006471,3102.037031,3467.543945,3939.559939,4912.251941,3875.821206,4473.487448,5421.743306
Ecuador,,10,13,13,17,20,29,18,13,27,34.3,32,44.2,31.2,23.7,37.4,30,50.7,53.5,50.2,48.6,40,66,69.9,67.5,66.2,60.1,1895.770307,1651.493678,1467.301999,1340.142383,1392.2321,1491.402557,1623.956022,1690.119766,1729.337997,2028.156395,2135.590018,2159.106043,2361.550754,2300.360002,1584.430724,1451.260807,1903.741868,2183.967465,2440.469164,2708.558293,3021.942767,3350.784142,3590.711513,4274.940821,4255.555563,4657.301737,5223.377575
"Egypt, Arab Rep.",926,1070,1037,1130,1278,1254,1429,1288,1279,1380,1387.8,1292.2,1266.1,1274.8,1293,1432.8,1463.5,1564,1716.8,1661.1,1658.2,1785.6,1934.4,2018.9,2247.3,2431.2,2514.9,702.5903667,707.025501,776.4031586,653.6022171,720.4100574,764.7606503,640.8505007,710.3538696,774.9108626,846.9980789,963.5573042,1063.433428,1211.290272,1286.79351,1351.613998,1461.018217,1402.759847,1238.92651,1147.770318,1071.323345,1196.733304,1409.177872,1681.314481,2061.612772,2349.286865,2668.035988,2816.666943
Eritrea,,0,0,0,0,0,0,0,0,0,0.7,2.2,0.2,6.1,2.7,5.9,5,10.3,5.7,3.7,8,8.6,7.9,4.5,3.7,2.6,1.4,,,,,,,,150.9520615,148.4939254,168.9040979,182.6796051,216.5541708,210.5416027,223.3968949,200.8718442,199.8131942,205.8460354,192.5076426,221.5268123,272.8328318,262.0742454,281.3750173,299.1114524,306.6651439,404.1963089,451.426693,544.4624311
Spain,4016,4871,4986,5432,6116,6837,7269,9267,9759,10534,11315.9,12495.1,13075.3,13719.5,14513.7,14796.2,15324,16062.3,16100.8,17027,18345.7,19526.8,20993.3,21509.1,21547.5,22019.9,22910.3,4693.076473,6504.073096,8228.720646,9689.538113,10662.92324,13773.36465,14782.03946,16105.41741,13362.01873,13465.3784,15561.97275,16236.77168,14872.56589,15534.35989,15859.08603,14787.75606,15359.10844,17019.53541,21495.70741,24918.64584,26510.71745,28482.60948,32709.40104,35578.73619,32333.4661,30737.83227,31973.01908
Estonia,,0,0,,,,,2,177,202,215.1,270.4,229.8,304.9,340.6,327.5,346,321.2,354.6,389.1,439,456.9,502.3,477.2,518.1,526.5,514.2,,,,,,,,,,,3036.427135,3347.879316,3614.897042,4045.695644,4139.654364,4069.853821,4490.65903,5298.623213,7165.689909,8849.319109,10336.38955,12591.95899,16580.99704,18087.67866,14718.33959,14632.08221,17177.4803
Ethiopia,,45,60,71,58,70,93,88,84,86,93.7,97.3,95.4,79.1,109.5,89.9,77.9,101.7,92,106.3,87.6,121.2,148.5,158.6,175.3,169.5,170,232.510329,233.9495671,242.1735821,242.9136121,247.1611914,253.3479605,270.4403314,203.3416397,165.1281269,125.1288854,133.8986024,144.692935,141.0535555,124.6775751,119.2999887,124.0509504,120.3531153,111.5311692,119.0586588,135.9763619,161.8769539,194.0779937,243.6288455,325.7949007,380.264841,341.8589562,355.5889915
Finland,2485,2831,2829,2789,2981,3071,3211,3438,3603,3974,4077,4329.6,4452.2,4513.4,4719.4,4843.8,4930,4904.3,4899.4,5018.7,4813.4,5088,4989.6,5112.5,4951.8,4868.5,4877.6,11405.93365,14962.25536,18580.65865,22056.70175,23983.84575,28380.54891,25503.21521,22337.48712,17617.03044,20305.58355,26273.4659,25777.6413,24676.49708,25989.4075,26178.79178,24253.25042,24913.24452,26834.02625,32816.16088,37636.11173,38969.17163,41120.67651,48288.5491,53401.31487,47107.15571,46205.16601,50787.56498
Fiji,,27,25,24,12,14,16,10,27,11,10.2,9,12.5,10.7,14.1,9.8,16.1,13.6,15.5,22.9,22.4,29.9,35.2,33.1,30.9,18.7,22.6,1603.582208,1795.605327,1632.073424,1535.411939,1632.138291,1834.994609,1881.580135,2057.3984,2166.058463,2383.91826,2540.751518,2714.24312,2641.06808,2070.168433,2408.165466,2076.013308,2038.899241,2259.055796,2835.980917,3332.91446,3658.689598,3750.071094,4079.271062,4178.299843,3369.840846,3651.942426,4204.22164
France,18422,20874,20152,21409,22686,22937,23518,26172,26225,28266,28847.5,29746,30321.9,31393.1,31345.4,31427.1,30601.5,30530.9,30307,29892.8,30340.2,31220.5,30752.6,31982.8,31756.6,31367.6,31685.5,9775.339435,13557.14722,16324.39356,17696.51115,17704.95898,21795.23783,21782.4162,23937.05692,22503.26085,23625.529,27037.97213,27015.25896,24359.42506,25101.36874,24799.29601,22465.64184,22527.31775,24275.2426,29691.18158,33874.74255,34879.72633,36544.50853,41600.58397,45413.06571,41631.13141,40705.76623,43807.4759
Faeroe Islands,,,,,,,,,,,,,,,,,,,,,,,,,,,,,,,,,,,,,,,,,24502.25752,24550.38973,22850.44296,24566.06384,26731.13714,31098.09,35008.16852,35808.82986,40617.30498,46878.11546,49625.47867,46429.92063,47381.52276,50910.43405
"Micronesia, Fed. Sts.",,0,1,0,0,0,0,1,0,0,4.5,3,0,0.3,1.7,1.6,0.5,0,1.5,1.7,1.2,0.6,0.7,0.3,2.2,2.3,0.5,,1275.867558,1296.320981,1355.140187,1436.906824,1528.064694,1682.186235,1756.202422,1908.848629,1909.350632,2065.004277,2019.952558,1906.809762,2029.326657,2046.791518,2170.960626,2239.916954,2257.773665,2293.579614,2247.837673,2352.639409,2393.936412,2435.199848,2501.527682,2669.375054,2838.448547,2998.642197
Gabon,,16,12,20,11,14,14,14,11,14,16.2,11.5,18.7,21.4,23.3,13.3,21.8,20.6,22.5,16.3,20.3,18.3,15.8,17.4,18,16.9,22.3,4023.55255,3990.014752,3742.596782,4253.597588,4517.801212,6250.643217,5523.034748,5566.794711,4245.514245,3958.738313,4564.269146,5107.316579,4656.96813,3821.808719,3878.031651,4115.036931,3981.858748,4119.154574,4929.322519,5755.959403,6865.32294,7206.968276,8632.757265,10523.27129,8061.569434,9388.232834,11304.69948
United Kingdom,32256,38168,36682,36509,38195,39069,39950,42404,42456,45436,45497.6,46213.9,45883.9,46141.3,46787.9,48216.1,45588.2,44642.9,45232.1,45491.6,45658.1,46751.3,47139.7,46333.2,45689,45978,46035.4,8652.216542,10611.11221,13118.58653,15987.16808,16239.2822,19095.467,19900.72665,20487.17079,18389.01957,19709.2381,21295.89728,22426.94555,24670.97448,26144.87153,26555.07736,26296.44819,25864.39497,28202.85426,32586.6428,38308.43637,39934.7836,42446.79557,48319.93195,45167.73523,37076.64525,38362.21712,40974.70814
Georgia,,0,0,,,,,12,158,136,118.2,126.6,135.9,127.8,131.9,134.3,115.8,127.9,111.5,150.4,144.6,177.7,129.4,137.1,128.6,121.1,117.6,,,,,,1618.496611,1314.67067,757.2235485,550.0155426,517.0870879,569.0181381,670.4611048,774.6802033,805.2726845,628.8656516,691.9977101,733.9704142,779.3845935,922.0297416,1186.873047,1469.92732,1761.1201,2318.127263,2918.710815,2440.961318,2613.756925,3219.605871
Ghana,,25,32,37,36,40,47,72,52,67,58.3,71.8,81.9,71.3,74.1,92.1,78.7,79.3,75.8,86.2,81.3,90.2,109.4,111.1,101.5,121.4,121.1,354.2197157,437.088938,376.4604229,375.225103,368.9982509,402.5889058,438.9580185,414.7023728,375.2319042,333.3285626,385.6806448,403.803257,392.2589414,416.3876621,419.8178856,264.6932592,275.4703877,311.6101083,375.8961731,426.1616742,501.7357169,929.7266286,1099.022313,1234.0799,1095.503232,1323.099141,1587.190873
Guinea,,1,2,2,4,3,3,3,3,2,2.8,2.6,2.8,3,2.1,2,3.8,2.9,1.2,2.9,4.5,9.5,4.2,2,3.4,5.5,4,,368.0637791,379.8169321,429.7368337,421.9458153,441.925744,473.5100491,486.5106787,458.2536496,448.9177672,469.7619073,476.2003677,454.1618447,422.2820159,400.2715164,340.414229,316.3823077,323.6278426,371.3209593,387.3679616,303.7609661,296.1745763,407.2065722,433.0747552,430.1999535,430.0564739,447.7909893
"Gambia, The",,0,0,0,0,0,0,0,0,22,21.8,24.4,30,23.4,19.7,25.7,27.9,23,19.8,23.7,22.7,24.4,17.2,18.5,19.5,19.2,12.5,308.3306063,242.1699306,274.3653184,316.3146187,322.4441031,345.8550216,727.0335582,729.0533164,748.8286525,720.1181862,737.5114518,774.0547704,713.2085141,725.0082309,682.9662139,637.1042712,542.505724,442.186133,360.677219,414.9812831,433.2910777,440.3135462,519.9539994,608.6478101,549.5403068,562.2127351,516.983903
Guinea-Bissau,,1,0,0,1,1,1,2,3,2,1.6,3.5,4.3,2.2,6.9,4,4.5,7.2,7,7.3,5.8,5.9,9.7,5,5.5,2.3,4.5,152.2383442,134.8030657,175.997969,162.8351424,206.3745503,230.979121,238.0602812,204.8627264,209.6835936,203.9803922,215.0663616,224.0417856,217.7111121,163.8000811,174.2967664,281.4036603,291.9505319,303.0118619,339.8607487,370.9340773,401.147289,395.9779939,455.4358578,553.4565058,517.1470466,518.5983608,659.48378
Equatorial Guinea,,0,0,0,2,1,0,1,3,1,0.7,0.5,0.7,0.3,2.2,0.3,1,0.5,1.2,1.3,0.2,0.5,1.3,0,1.6,0.1,0.7,197.57375,231.3643908,271.9154633,283.6052474,241.5261546,297.11289,284.0968915,333.3667853,325.155305,232.704757,316.4024894,501.1663893,921.8521962,746.8572012,1209.937632,1970.2513,2661.421454,3182.767857,4234.601985,7276.075528,13129.59711,12516.27272,15310.18624,22494.19718,13205.88242,15869.65271,20922.74977
Greece,935,1158,1251,1239,1518,1397,1598,1736,1759,1974,2058.1,2249.3,2434,2611.3,2625.9,2976.1,3203.8,3447.1,3586.9,3928.3,4292,4874.1,4981.7,4953.4,4881.5,4631.2,4534.1,4831.446527,5677.353384,6589.08958,7626.036361,7875.612202,9673.415639,10289.36709,11249.23129,10435.22758,11089.85246,12918.73958,13685.32056,13298.44494,13375.14922,13140.06078,11960.66447,12418.67912,13903.69055,18292.00986,21676.43092,22327.00809,24557.87761,28548.30445,31700.49412,29485.50983,26863.01161,25962.36894
Grenada,,0,0,0,0,0,0,0,0,2,1,0,0.5,0,1.9,0.8,0.3,1.5,1.2,2.3,2.2,5.9,6.8,5.5,8.5,8.5,13.3,1283.304562,1438.011589,1682.712256,1881.783446,2199.488628,2295.976222,2504.487752,2581.401533,2545.820582,2633.499725,2755.990259,2923.249401,3015.483168,3364.344325,3742.366506,5117.539472,5109.958625,5292.232286,5773.299049,5836.120109,6754.381175,6764.722867,7322.526171,7946.638501,7393.345137,7366.576336,7409.5224
Greenland,,,,,,,,,,,,,,,,,,,,,,,,,,,,7760.834508,11271.33304,14554.35208,16397.95019,16813.74145,18326.92852,18315.31561,18768.8265,16797.35739,18124.10076,21665.83081,21422.46222,19145.61441,20496.5798,20170.32276,19004.00345,19275.43281,20652.84127,25129.07655,28903.93583,29903.28404,30620.21553,37516.75092,30883.03497,22507.88872,,
Guatemala,,19,23,18,15,20,28,25,23,22,19.5,23.8,17.9,16.1,15.8,13.9,16.9,19,15.1,16,19.7,22.2,22.4,15.9,22.1,20.4,22.2,1197.616687,869.1743352,831.1330987,898.2974504,940.7669242,835.2990464,1002.247997,1085.426721,1156.173426,1284.646777,1415.121845,1487.102697,1636.222161,1741.402186,1605.520773,1650.365959,1561.597243,1692.97464,1743.176836,1860.989139,2064.035976,2241.004062,2472.388079,2774.323123,2617.115328,2805.947998,3166.586117
Guam,,,,,,,,,,,,,,,,,,,,,,,,,,,,,,,,,,,,,,,,,,,,,,,,,,,,,,
Guyana,,5,7,4,4,5,6,8,4,4,7,2.8,6.3,3,4.2,4.1,4.5,8.6,2.8,3,9.2,3.8,6.4,3.4,2.8,8.2,2.9,592.7619127,667.8830769,475.867028,563.0912458,522.9413801,550.5930501,469.2787063,513.1976118,614.3454648,747.8601859,855.416352,966.0542241,1020.827037,973.165775,938.6183582,960.1867987,936.91622,972.2165338,999.1816472,1058.958515,1110.957717,1961.055623,2334.021042,2569.988506,2698.058991,2998.941274,3408.731903
"Hong Kong SAR, China",0,84,634,621,775,827,783,824,959,1075,,,,,,,,,,,,,,,,,,6542.931537,7435.030698,9055.106267,10609.74564,12097.77516,13485.54489,15465.85886,17976.42938,20395.51737,22502.57974,23497.49231,24818.15455,27330.03335,25808.97095,25091.6666,25756.66378,25230.21633,24665.89,23977.01945,24928.10037,26649.63659,28224.09396,30593.95247,31515.52787,30697.53839,32550.13787,35142.48793
Honduras,,4,1,2,5,6,9,3,6,5,5.5,7.9,10.6,11.2,12.4,7.4,7.7,6.4,5.9,7.5,8.3,7.5,5.8,7.1,6.2,9.8,9.7,858.892013,872.228646,923.2137327,857.2587955,747.5553463,621.7969546,608.6950259,660.1867648,654.7505193,629.1574618,699.5095774,704.686148,796.3177796,869.1109453,878.65135,1138.144898,1187.593242,1196.562358,1228.481832,1298.939783,1405.777867,1547.266659,1720.765887,1899.549194,1975.794666,2110.822021,2323.758502
Croatia,0,0,0,,,,,17,575,508,600,640.3,580.5,624.6,647.1,678,696.4,719.1,798.3,868,953,985.7,1101.6,1188.3,1164.1,1246.5,1288.6,,,,,,,,,,,4794.937213,5268.805674,5210.430239,5650.332016,5135.473341,4919.628069,5245.421419,6053.716037,7805.881418,9365.742468,10224.24059,11359.52579,13544.18861,15887.4192,14142.15076,13505.76562,14539.18518
Haiti,,5,3,4,2,5,6,1,3,2,3.2,1.2,1.7,2.7,0.7,4.7,3,4.8,3.2,6.4,3.2,8.7,4.3,5.2,7,5.8,14,,,,,,,479.5492678,305.5554106,249.4128129,282.4227011,359.7685486,365.0037905,411.6008703,450.9185613,494.2325382,462.4805442,413.7384592,393.0160358,329.7819844,387.9428024,465.3099364,505.5848205,615.815373,674.7495395,668.2912905,662.2793812,740.9473633
Hungary,1907,1920,1781,1714,1847,1722,1806,1824,1718,1774,1763.8,1813.1,1991.5,2201.9,2199.6,2358.4,2398.2,2322.7,2450.7,2408.6,2619,2592.2,2452.1,2554.1,2398.9,2221,2289.3,,,,,,,3331.539529,3714.235212,3852.344109,4150.056582,4469.595669,4504.675741,4574.145115,4728.791656,4782.97693,4613.705812,5254.772407,6631.448498,8365.464605,10206.32509,11092.4308,11342.89055,13781.14079,15598.32289,12906.7504,12958.2707,13983.49764
Indonesia,,72,66,59,86,104,89,86,103,120,129.5,141,146.1,136,162.7,181.6,188.7,178.3,156.6,181.6,205.2,215.1,197.5,219,262,247.7,269.9,529.2873919,475.4138596,442.1481221,507.3551831,569.2271706,630.6685568,694.2457566,740.9177479,827.8103481,912.0977029,1026.270534,1137.265648,1063.567956,463.8830021,671.0056341,780.092079,748.1847461,900.1308039,1065.656546,1150.349294,1263.481446,1590.177906,1860.622626,2167.85765,2262.720786,3125.219934,3647.626622
Isle of Man,,,,,,,,,,,,,,,,,,,,,,,,,,,,,,,,,,,,,,12672.68506,14034.30662,15997.93705,18470.17821,20657.43693,20358.66729,20804.49555,24229.51035,28678.84529,34634.052,36980.11308,41232.92064,49593.07503,,,,
India,9586,9925,9051,8882,9744,9200,9517,10100,9763,9928,9370.1,9752.8,9617.6,9944.8,10190.4,10276.4,10800.5,11664.7,12462.2,13368.7,14635.3,16743.3,18202.9,18987.5,19924.3,20881.8,22480.5,302.5106767,316.8461137,347.425081,361.450358,353.2554885,375.1520193,309.3281464,323.5243839,307.4107165,353.2919326,381.5268921,408.2413914,424.0860934,421.8219244,451.0894912,452.4135847,460.826361,480.6216076,557.8973659,640.601235,729.0010015,816.7337762,1050.024801,1022.577592,1124.519446,1387.880084,1471.658439
Ireland,653,776,728,790,826,902,915,946,1003,1168,1217.7,1253.8,1330.8,1520.5,1458.9,1580.9,1588.3,1628.9,1681.1,1935.9,2120.4,2302.6,2498.4,2661.9,2799.9,3055.8,3186.4,6005.731792,8104.066698,9572.361157,10705.17984,11164.66548,14017.27791,14073.12646,15698.68053,14642.43207,15887.04837,19139.33956,20809.8239,22496.12454,24190.06626,26244.25233,26100.66682,28051.83547,32354.30565,40904.59483,47425.63632,50569.07776,53944.02231,61218.61871,60968.83763,51496.63335,47903.68133,51948.34654
Iran,,96,92,86,91,94,126,150,175,233,279.5,317.7,390.6,541.3,664.8,841.1,1034.9,1313.8,1789.8,2115.8,2634.9,3422.7,4366.2,5228.3,6313.3,6992.6,8175.5,3609.011213,4039.691951,2499.445196,2192.962614,2082.809669,2065.812543,,,1021.703982,1128.180814,1505.828169,1803.613011,1686.774355,1613.773005,1615.55195,1538.138491,1727.790143,1719.742217,1976.146862,2354.615993,2738.293647,3419.407445,4287.318631,4908.107425,4942.83995,5690.894511,7668.703275
Iraq,,222,187,225,232,164,81,79,74,67,50.8,36.2,40.4,24.7,22.9,28.7,32.5,24,25.6,27.3,39.1,66.5,73.3,68.2,70,68.1,95.6,3100.300051,2957.363653,3474.804563,3752.70706,3850.867396,10293.28385,,,,,,,,,,,,,,1391.609582,1848.968201,2350.194289,3125.580256,4512.985018,3725.675441,4487.366289,5839.313082
Iceland,57,59,56,69,68,89,104,105,122,137,155.9,145.3,142.6,174.2,143.2,150.2,177.2,195.2,195,190.9,206.2,232.3,232,232.8,259.6,273.5,258.3,12502.49707,16593.60313,22709.87196,24731.50027,22690.81171,25675.11149,27109.39742,27434.35291,23849.3552,24293.20645,26938.06206,27987.43538,28107.57571,30979.93478,32271.02622,31819.70622,28589.74345,31945.12952,39114.24315,47032.53387,56611.30377,56293.79023,68835.30643,55446.76303,40263.28263,41695.89459,46042.37062
Israel,4233,4989,4921,4916,5134,4968,4873,5234,5575,5559,5740.7,5750.7,6047.4,6020.3,5928.8,6290.3,6234.5,6381,6524.7,6462,6322,6558.5,6632.2,6609.4,6306.2,6139.2,6096,5698.715111,6908.919327,8120.014691,9881.242719,9871.574301,11264.01835,11956.00891,12838.41814,12530.99838,13830.28677,17911.55275,19177.90514,19425.15843,19258.54352,18983.9649,20901.76585,20126.84233,18246.01429,18755.27474,19682.91567,20378.06191,21581.71804,24606.21834,29268.73156,27583.19817,30551.12468,33275.15681
Italy,9377,10114,10163,11229,12509,13062,13778,15462,15279,17000,17880.5,19233.8,19401.6,20056,20327.1,21409.4,22092.9,22482.6,23764.5,24759.4,24663.2,25804.9,26561.3,26853.7,26769.7,26347.6,26503.4,7967.231041,11281.80102,14192.94463,15698.44334,16338.56126,20764.65293,21892.07928,23175.24506,18683.7589,19280.86697,20603.89332,23028.50611,21787.70178,22260.81222,21945.50687,20059.21077,20409.00354,22205.84193,27399.10512,31188.62272,31973.93474,33426.16606,37716.44913,40659.67042,36995.10735,35877.87149,38364.94175
Jamaica,,57,89,76,62,56,57,46,53,62,70,57,58.3,46.8,50,36.1,57.4,54.8,47.2,51.1,51.9,39.8,49.4,41.4,50.8,46.6,50.7,908.7616384,1179.274633,1398.369449,1624.657452,1854.788843,1921.426029,1706.622724,1459.095412,2003.755553,2007.369311,2344.141928,2600.598787,2948.827462,3419.204389,3430.426424,3479.056152,3494.26991,3716.271243,3592.888342,3862.063372,4251.496664,4495.843537,4805.878717,5130.227409,4521.923804,4917.023202,5346.219339
Jordan,,119,142,161,174,176,148,135,130,144,154.1,163.1,200.5,220.4,230.3,246.6,232.5,242.2,250.7,281,274.8,285.4,344.1,411.9,382.6,378,341.8,1888.620586,2333.091075,2374.004732,2129.352647,1381.256974,1312.280348,1225.51966,1422.766792,1435.288785,1535.988732,1603.682153,1601.932772,1630.153682,1733.264934,1740.917598,1763.169472,1824.886121,1901.580361,1973.86206,2156.439836,2326.495159,2719.822427,3022.542887,3797.592624,4026.76635,4370.721045,4665.954276
Japan,29618,31957,30920,34435,36569,38570,39590,44143,43339,46692,47067.9,50345,51462.4,53838.3,55273.8,57101.2,56081.7,56346.5,57231.2,56538.4,55527.3,54469.4,52910.6,51842,49631.9,47043.1,47105.7,11465.72578,16882.27395,20355.60522,24592.77201,24505.7673,25123.63178,28540.77148,31013.64715,35451.29751,38814.89438,42522.06659,37422.86414,34304.14897,30969.73803,35004.06127,37299.64413,32716.41867,31235.58818,33690.93773,36441.50449,35781.17005,34075.97895,34033.70125,37865.61803,39322.60473,42909.23415,46203.70952
Kazakhstan,,0,0,,,,,19,250,191,157.6,141.4,115.3,128.5,104.6,112.8,113.6,122.6,119,104.7,96,86,105.5,76.7,98.7,83.3,87.4,,,,,,1647.463231,1512.485066,1515.104059,1433.461534,1320.321622,1288.239052,1350.333866,1445.569414,1468.701798,1130.113592,1229.000958,1490.926751,1658.031146,2068.123657,2874.288291,3771.278957,5291.57565,6771.414797,8513.564645,7165.27705,9070.649972,11357.94549
Kenya,251,238,232,291,300,255,260,295,346,280,287,274.2,271.9,265.4,242.6,231.7,228.5,241.6,239.4,224.7,225.8,236.5,262.2,285.4,290.5,275.8,289.5,312.0456802,354.9692693,377.0428946,381.5415934,365.4056053,365.6172894,336.3641884,327.9748244,222.7240548,268.6455753,330.4831218,428.4338764,454.7417768,476.7185137,425.5935921,408.9818683,407.5540066,402.1703155,444.2336311,467.3787525,530.0821579,711.7211637,857.9256887,938.5717623,942.7431465,991.8505451,1012.879773
Kyrgyz Republic,,0,0,0,0,0,0,0,26,30,13.2,12.3,14.4,17.6,13.9,18.4,17.6,20.3,11.4,11.7,15,17.9,16.1,16.5,15.4,16.5,17.2,,,,,,608.9451631,575.9551334,513.0359215,449.0657902,372.30781,364.2264974,394.8601215,376.4296133,345.1381316,258.04934,279.620275,308.4090314,321.726538,380.5073624,433.2351189,476.5518917,543.1107024,721.7686908,966.3936272,871.2243893,880.0377751,1123.883168
Cambodia,,0,0,0,0,1,0,1,1,1,3.7,2.5,4.3,3.7,7.2,5.5,7.2,10.5,12.7,18.5,21,26.1,25.5,23.4,26.9,22.4,32.5,,,,,,,,,253.1931946,269.5670708,321.7746334,318.1495357,303.6858996,268.0430434,294.865212,299.5622376,319.6924597,337.8042535,361.0703476,407.0849062,472.4488559,537.8424797,629.2828776,742.9429233,735.4075239,782.6927899,879.1512441
Kiribati,,0,1,0,0,0,1,0,0,0,0,0,0.3,0,0,0,0,0,0,0,0,0.1,0,0,0,0,0,332.6997962,313.9983968,355.6914807,446.3164694,417.1253511,392.3970541,648.5565477,665.0033427,641.9968714,732.9766097,741.1916122,860.0811268,862.3574229,822.7153617,850.8735676,799.8566112,734.9492461,827.3020845,1014.135333,1128.951514,1149.688033,1110.482703,1277.178794,1371.912089,1264.108774,1465.559032,1645.872214
St. Kitts and Nevis,,0,0,0,0,0,0,0,0,0,0,0.3,0,0,1.5,1.5,0,0.1,0,0,0,1.8,0.3,0,1.7,1.1,0.4,1856.391428,2257.911756,2616.138691,3086.043719,3506.615184,3898.816339,4013.129838,4395.927281,4740.919486,5234.302028,5380.076867,5659.135563,6268.426776,6472.581513,6787.322917,9223.749043,9963.389168,10244.49928,9719.151667,10349.22518,11053.74474,12767.89514,13556.89495,14378.88426,13707.12331,13226.95231,13737.32272
"Korea, Rep.",424,516,672,771,1035,1170,1361,1759,2184,2931,3803.2,4770.9,5802.2,7056.6,8478.2,9571.8,11007.7,11734.5,13402.9,15255.6,16395.8,17909.9,18470.1,21090.8,22280.3,24106.4,25592.7,2542.04198,2906.168843,3627.601544,4813.284872,5860.40382,6642.451218,7675.693138,8140.218706,8869.020761,10275.27753,12403.91322,13254.6374,12196.76978,8133.731245,10432.2108,11947.57725,11255.94789,12788.58018,14219.19359,15921.9392,18657.52186,20917.02989,23101.51118,20474.88747,18338.70637,22151.20912,24155.8293
Kosovo,,,,,,,,,,,,,0,0,0,0,0,0,0,0,0,0,0,0,0,0,0,,,,,,,,,,,,,,,,1087.762401,1490.361033,1587.505829,1969.562713,2135.332847,2190.497596,2371.662079,2788.479464,3254.860674,3209.694109,3283.211938,3738.781369
Kuwait,,226,259,304,326,368,209,104,112,186,189.3,208.9,224,234.8,295.9,238.3,244.7,227.8,230.5,244.3,234.1,256.5,242,239.7,214.4,191.6,202.1,12358.5106,9820.085523,11662.81881,10331.4973,11834.7681,8950.598406,5485.47681,,,,16610.36846,19227.56057,17998.71008,14690.00979,16253.86851,19548.3793,17532.85837,18675.21367,22841.60172,27438.16863,35694.38171,42502.22152,45157.12334,54478.55067,36756.80798,37724.27379,47553.66926
Lao PDR,,0,0,0,0,0,1,1,1,0,1.8,0.9,2.4,5.5,3.8,3.9,4.5,4.7,8.6,12.1,9.2,18,12.3,12.2,12.2,17.2,21.4,643.090589,469.414551,279.1411176,149.3996513,173.0210927,203.764751,235.1770385,250.7925708,287.2867049,325.4709899,363.0338297,377.2769222,344.669513,247.8528561,276.707261,324.0196947,326.0306989,319.5325358,362.6677396,418.1732543,476.1624057,591.3647744,710.9803373,900.4995548,947.955524,1147.095388,1300.979602
Lebanon,,94,66,54,61,29,47,52,54,62,54.7,62.6,103.2,102.6,124.3,143.7,195,158.8,210.7,198.3,233.7,250.3,238.1,279.8,256.2,264.8,250.7,,,,1241.680533,1015.461212,1050.116702,1617.271936,1965.337082,2597.593375,3226.980273,3863.246579,4457.939768,5093.267689,5538.664428,5509.320271,5334.880244,5253.097584,5436.587507,5425.66907,5424.217944,5339.42388,5372.475056,6015.802129,7015.605178,8403.109316,8763.795964,9132.434202
Liberia,,5,4,4,3,6,7,5,1,1,0.3,1,0.3,1.3,0,1,1,1.3,0,1.1,1.3,2.3,0,1.4,0,1.8,4.4,387.403217,381.0670965,442.9461015,478.3853492,367.9426191,182.7971869,168.436541,110.1705944,79.94621075,65.47315997,64.81015385,72.52703953,125.100939,140.5739059,161.1376724,182.9427731,171.7371969,174.5547566,130.9126653,146.6413297,165.7601803,178.4531481,209.8115997,231.4432108,302.2760595,326.604433,378.8140624
Libya,,43,43,43,41,36,40,33,25,31,33.9,20,16.2,20.6,17.8,15.8,21.4,19.5,24.9,17.1,19.7,26.2,30.4,37.3,33.6,33.3,17.9,,,,,,6571.656342,7110.744547,7371.860168,6534.629837,5978.606521,5235.818276,5610.145235,6064.782203,5287.695465,6858.53602,7170.519228,6284.159053,3711.602774,4682.625724,5807.646288,8158.984214,9304.308502,11219.43296,14231.60089,10151.64587,11933.77926,5517.779569
St. Lucia,,0,0,0,0,0,4,1,5,2,0,2.8,1,2.7,0.5,0,0.9,0.2,0,0,0.5,0.5,0.3,0.3,0,0.1,0.4,1496.382288,1755.386206,1849.816693,2051.776151,2291.297833,2874.457849,3078.43494,3367.736327,3426.581014,3562.987275,3814.003681,3802.113025,4002.881574,4295.725902,4465.686452,4975.472011,4656.508655,4630.977942,4981.465252,5415.584544,5655.523782,6320.42065,6720.563516,6781.556765,6715.951362,7014.196449,7192.917435
Liechtenstein,,6,5,7,7,6,8,8,7,13,12.8,8.9,11.7,5.3,16.6,11.1,6.2,6.8,11.7,12.5,12,13.2,14.4,16.5,13,9.8,9.7,19409.13505,28316.60595,37873.63678,41356.93535,39429.10759,49452.3875,50982.81212,55288.50106,55916.7681,64157.05288,78763.81512,79931.46466,72181.10027,76635.61442,81116.39927,74631.65055,74021.93978,79088.62729,89553.90607,99926.93656,104995.9855,113830.0286,129870.1857,142254.6916,125107.6711,140101.9673,157092.9694
Sri Lanka,,52,94,107,101,106,84,82,83,85,85.4,71,62.2,83.5,86.9,97.8,73.2,102.6,141.5,119.1,135.8,125.7,125.5,133.6,134.9,131.2,130.3,377.3804426,397.1730988,408.1211213,420.409156,415.2907984,472.0864633,521.2464575,556.8123285,585.8936663,654.9440618,718.4438443,757.9482098,812.7924836,840.8737674,821.5964534,854.9267252,837.6988035,903.8964049,984.8101725,1063.160584,1242.428436,1424.101241,1614.363924,2010.95655,2057.028067,2399.920469,2835.812873
Lesotho,,7,5,7,4,3,5,4,7,5,2.5,1,2.3,1.3,2.6,6,2.4,2.4,2.6,2.8,0.8,5.7,3,4.8,3.5,4.8,5.7,168.7345479,194.3619927,242.9555189,278.2205457,287.5551419,340.8898691,373.9610731,433.9703345,426.1151116,437.6750561,489.8373657,458.6029246,477.2222978,449.8274486,435.7061756,415.5001187,377.4535887,348.3198669,510.4162979,645.4959592,710.5178168,736.3911944,816.8495857,826.8315402,859.8570173,1087.950195,1241.228997
Lithuania,,0,0,,,,,5,149,189,178.9,188.6,215.8,257.1,273.9,262,283.3,334.5,307.9,404.3,406.1,515.2,457.5,515,387.6,356.3,457.4,,,,,,,,,,,,,,,,,,,,6706.834687,7863.527827,9240.297059,12298.20555,14961.72397,11837.11668,11976.90114,14360.42479
Luxembourg,12,9,10,7,11,17,15,23,22,26,27.8,17.9,33.6,32.1,28.9,40.1,45.5,39.4,38.4,61.7,58.8,65,73.4,111.2,136.8,149.4,204.1,13006.65247,18912.70216,23386.82267,26279.40229,27736.8386,34872.09687,37249.90117,41234.18451,41750.8423,45779.89571,53177.39097,52219.17702,46394.81874,47893.06972,51728.29824,48826.54579,47558.37221,52190.06556,64422.27899,74674.13317,79595.53408,88400.20327,102523.3949,112477.0611,100735.3519,102863.0957,113731.6515
Latvia,,0,0,,,,,37,180,159,162.9,143.5,159.3,161.6,179.3,149.5,165.4,174.7,132.6,157.3,134,120,146.8,160.7,161.6,133.9,203.5,,,,,,,,,,,2366.543172,2436.027801,2847.946394,3148.334917,3503.541529,4169.732279,4466.045269,4987.188818,5631.261915,6746.063847,7634.193539,9746.23509,14064.19907,16383.01708,12212.49563,11379.23564,13749.22334
Morocco,,76,68,113,108,97,128,170,164,182,239.8,273.9,297.4,376,437.8,466.1,457.5,466,400.3,417.1,443.2,399.5,378.6,413.3,390.7,350.4,385.8,627.5308893,804.4711781,869.5401414,1016.672332,1023.178601,1145.922574,1209.896964,1227.791774,1134.99663,1262.733439,1356.326784,1487.682843,1321.28786,1400.840877,1373.906001,1265.395038,1275.459235,1352.317069,1650.282638,1867.32994,1931.759249,2107.896017,2389.694886,2791.99391,2822.072839,2782.671797,3001.177816
Monaco,,13,16,9,6,10,9,14,11,15,13.6,20.7,13.3,20,22.7,10.8,20.1,18.1,26.6,26.3,23.5,18.6,14.1,15.7,23.4,22.2,19.6,37552.05564,52162.26894,63049.66215,68427.20662,68574.24526,84289.55954,83727.0488,91651.04996,85421.72583,89415.82812,101963.2221,101315.7077,90909.10287,93110.98102,91398.3113,82537.44647,82542.36444,89009.22023,108889.2173,123289.4941,126599.4033,135629.6057,170472.2849,193648.1322,152877.3657,145221.1916,163351.6467
Moldova,,0,0,,,,,15,156,159,137.1,119.4,108.3,92.1,93.4,98.7,72.7,73.6,83.1,67.6,89.1,85.3,69.8,73.2,79.8,64.9,76.2,,,,,,972.0930952,835.4662824,625.807719,640.857304,461.2068119,476.99268,462.1720172,528.1777761,448.8413622,321.0267965,354.001279,407.7302432,458.6778168,548.2896867,720.9409321,831.2036369,950.6482044,1230.434685,1695.972811,1525.526119,1631.535832,1970.571373
Madagascar,,,,,,,,,,,15.9,16.6,16,19.9,20.9,28.7,30,23,36,27.8,33.5,46.2,47.9,38,34.9,40.5,32.7,286.3297623,317.4368739,242.8775092,224.5414738,222.9305532,266.8922556,222.9855792,246.614824,266.5990563,228.3049883,234.892771,287.7713967,247.4504622,252.7817884,243.566786,246.282641,278.9874499,262.7418198,317.4220317,245.6704529,275.5158225,292.9908976,379.0672587,472.3790916,417.1783021,414.1427872,456.3293071
Maldives,,0,0,0,0,0,1,1,0,0,1,1.5,0,1.8,2,0,1.8,0.5,1.1,1,1,2.2,1.5,0.7,2.6,1.5,0.3,670.8217291,722.9464493,695.7041081,803.5498797,875.2379243,963.7510932,1064.358701,1206.734753,1330.54275,1433.497473,1570.389873,1734.454488,1917.340153,1998.196016,2139.694441,2226.721729,3099.482544,3139.319558,3537.008436,4008.575787,3671.881974,4754.51409,5533.806444,6596.89122,6630.682554,7013.354284,7266.888906
Mexico,740,866,933,884,1046,1038,1082,1336,1502,1663,1937.3,2123.9,2301.7,2658.9,2883.5,2970.7,3202.8,3320.2,3658.5,3870,3931.6,3998.2,4223.6,4256.8,4127.7,,,2385.757782,1639.74041,1740.869013,2227.405173,2657.600428,3068.702424,3600.045185,4080.452175,5544.932462,5690.674713,3640.833419,4131.805706,4907.333152,5038.629775,5722.122139,6649.716534,6952.289039,7023.787276,6673.166974,7115.121769,7893.968234,8680.60388,9222.883997,9578.570567,7661.208413,8861.493697,9730.277753
Marshall Islands,,0,0,0,0,0,0,3,1,1,1.8,2,2.6,0,1.2,0.3,0.2,0.5,0.5,0.8,0.5,0.7,0,0.3,0.8,0.3,0.3,1144.649658,1392.657264,1494.329506,1604.248462,1589.024949,1659.112051,1701.841959,1844.052489,1987.153361,2136.761769,2356.526852,2156.896317,2056.001496,2093.564732,2073.486695,2126.832872,2206.656116,2391.347403,2434.761306,2517.693389,2645.981405,2757.584485,2877.890517,2925.740602,2907.362245,3126.516365,3291.842561
"Macedonia, FYR",,0,0,0,0,0,0,1,27,33,30.8,39.1,53.8,37.1,48.8,56.3,67.7,54.2,57,52.6,42.8,41.5,57.5,46.4,57.2,59.4,77.3,,,,,,2240.140336,2360.997767,1171.765224,1297.859337,1728.51997,2277.591662,2258.159155,1896.728201,1799.701449,1837.230159,1875.127151,1835.013622,1980.753134,2431.838642,2787.773056,3063.596462,3351.304879,4063.744425,4821.542494,4566.343921,4561.178364,5079.959208
Mali,,12,6,12,7,8,8,6,9,13,13.2,15.9,12.9,15.6,10.7,11.7,11.5,17.7,16.6,23.5,24.3,25,19.4,19.5,25,23.8,28.6,167.7353538,210.914419,239.2546455,237.8263688,241.2412318,285.4457779,279.3678455,320.8341601,293.2685606,187.8491791,255.8086857,264.5262624,243.4289496,248.6235128,239.4094537,219.2901733,231.1636197,285.1505086,360.864247,390.7201836,411.8592812,460.0053114,519.3165673,614.3176392,610.0541643,621.223023,680.8278902
Malta,,3,5,3,11,14,8,12,15,13,18.2,11.5,22.6,20.2,18.6,17.7,20.6,23.4,38.9,21,25.5,20.1,22.5,44.9,38.2,33.4,45.8,3322.308159,4194.533622,5083.801082,5814.449842,6040.839467,7192.394285,7688.027507,8365.0131,7428.475601,8149.416324,9717.501938,9852.310011,9683.145408,10091.2798,10301.42329,10377.03732,9967.790407,10849.75028,12844.58799,14064.2296,14834.43237,15705.34022,18356.96828,20895.7805,19636.00628,19694.08316,22347.70842
Myanmar,,8,14,15,9,9,7,13,9,14,15.6,5.2,4.3,5.3,9.9,7.3,5.8,6.7,6.4,8.7,11.2,15.5,13.4,10,10.2,7.5,9.1,,,,,,,,,,,,,,,,,,,,,,,,,,,
Montenegro,,,,,,,,,,,,,,,,,,,,,,6.6,14.7,19.7,10.6,25.9,27.8,,,,,,,,,,,,,,,,1627.042893,1909.635435,2106.339013,2789.081582,3380.199535,3674.52653,4383.595097,5957.145693,7325.703474,6698.079439,6636.875029,7249.876624
Mongolia,,9,12,13,11,12,14,12,14,12,8.3,18.9,16.9,8.6,12.2,12.1,19,16.1,18.4,20.1,21.5,21.1,21.6,26.9,41.8,38.9,24.8,1137.687986,1465.446919,1485.538165,1533.443572,1670.694431,1172.443066,1072.634868,587.3003521,339.5194007,405.9719883,631.915161,580.9100758,505.6031387,477.35013,445.0063899,474.2129566,524.024766,571.5383906,646.1191681,797.9051521,998.8222994,1334.405712,1633.384335,2138.37674,1717.073137,2650.346885,3772.931547
Northern Mariana Islands,,,,,,,,,,,,,,,,,,,,,,,,,,,,,,,,,,,,,,,,,,,,,,,,,,,,,,
Mozambique,,10,8,8,6,4,8,7,13,7,12.8,6.6,9.5,14.6,13.9,9.9,14.3,12.6,9.1,12.9,24.2,20.9,23.9,24.7,28.6,24.1,37.9,340.2458765,398.580888,179.1030169,159.5053308,175.5510603,187.863818,200.3633183,138.616112,137.2270842,140.777341,141.1912983,197.5360069,225.8074385,249.7187802,255.2189768,235.9814009,216.8461113,217.1375662,234.146982,277.6371436,311.3843054,326.4313156,407.6778547,480.5534267,453.2555624,416.0593364,527.5282909
Mauritania,,3,1,0,2,1,1,0,4,2,2.1,3.5,2.1,1.7,2.2,5.4,6.5,6.5,7.1,3.9,7.1,6.2,3.3,1.7,2.9,3,5.8,386.6722945,442.1954532,487.7463588,499.6125477,498.5242449,503.838721,693.8203377,684.2155898,567.588971,580.5384571,606.3913117,600.1377127,566.1714107,538.9589655,534.5120054,477.1129881,463.2714185,459.1255459,525.4587743,598.2105479,692.5759654,937.9827017,1008.554705,1180.549514,1045.790408,1207.827457,1390.928622
Mauritius,,2,1,3,2,8,7,5,8,12,6.4,5.1,3.3,8.2,16.7,13.2,14.6,23.6,13.5,20,15.4,19,17.8,21.1,21.5,24.8,15.9,1058.90598,1428.537339,1822.975601,2054.639922,2084.262363,2506.184933,2669.326282,2973.205388,2973.793609,3197.336956,3599.551751,3899.442433,3646.637842,3593.241569,3651.231078,3861.038542,3792.187576,3957.512905,4623.351784,5229.873567,5116.039642,5455.06563,6285.78905,7749.318438,7082.2957,7772.100057,8984.629769
Malawi,,21,12,28,24,27,27,15,29,37,38.3,45.5,40.3,30.9,36.4,43.6,44.2,48.5,43.1,42.3,40.5,46.7,62.9,53.7,52.5,55.1,56.7,157.0090616,155.3958909,145.9053706,160.0664765,175.2657589,199.8920809,229.4346495,185.8457706,213.5208354,121.5144013,142.2661985,227.9496562,259.5642989,165.7193407,163.1898022,155.7643582,149.3672432,226.0768307,200.5426971,211.5738168,216.1146186,237.6982592,270.241146,307.5778976,351.0797566,365.5165695,369.6043472
Malaysia,,186,192,208,241,233,260,247,293,345,365.8,362.2,349,387.1,471.4,459.6,472.4,494.5,479.3,586.1,614.6,724.1,808.1,951,1351.3,1607.7,2092.2,2015.450329,1741.062055,1926.643859,2050.448578,2193.958631,2417.416598,2626.097529,3080.062905,3395.525921,3686.094451,4286.16895,4743.518822,4593.189321,3228.157932,3456.465964,4004.545955,3878.771409,4132.678525,4431.239455,4924.585852,5564.185469,6194.700434,7240.73558,8486.547605,7312.003684,8802.91349,10125.88166
Namibia,,0,0,0,0,14,11,13,11,17,9.6,18.2,13.3,18.3,14.7,12.6,17.3,21.6,19.7,12.3,23.4,20.6,14.1,16.3,13.6,9.7,13,1405.785984,1520.56914,1852.504065,1922.410315,1871.793321,1981.251916,2054.852234,2278.083364,2063.787252,2264.655805,2383.303799,2313.482846,2333.592998,2114.203164,2056.16929,2059.400607,1836.75941,1716.888282,2489.877763,3298.905481,3582.24386,3884.646834,4195.869853,3999.625558,4123.500332,5139.053609,5540.325234
New Caledonia,,,,,,,,,,,,,,,,,,,,,,,,,,,,5534.631413,7634.3344,9271.735404,12665.66323,13092.26473,14800.02869,15133.16224,16261.29693,16640.80235,16037.02524,18721.05644,18257.21505,16341.58735,15387.86958,14611.8328,12579.59511,,,,,,,,,,,
Niger,,9,15,10,14,19,12,22,21,23,20.3,19.6,27.8,25.9,16,19.2,13.5,17.8,14.1,11.7,21.6,17.9,22.4,14.8,15.7,12.7,17.8,210.6677157,270.7885391,308.7041762,306.2612304,284.1221367,313.5376232,284.9838965,277.7654519,183.9772967,172.9386014,200.8994812,204.8882808,183.4781822,199.0612215,186.4996449,160.2183481,167.0912285,179.7352696,218.0471178,234.9104237,252.504595,260.56377,295.3931987,358.1914055,344.3756411,351.0062183,378.2005466
Nigeria,757,976,872,886,864,815,719,666,604,470,449.6,434.7,436.9,401.7,416.5,400.5,304,362.8,357.8,380.7,364.2,406.2,427.9,462.6,461.8,493.7,439.3,344.1410837,240.6173966,272.5077315,256.3758413,260.04757,321.6683709,279.2757823,291.2834845,153.0756655,171.0247982,263.2880379,314.7399021,314.2998494,273.8697972,299.3567659,377.5002693,350.2601822,457.3970476,510.2962953,645.7638712,804.0059952,1014.734742,1131.147695,1376.857449,1091.968527,2314.963537,2514.148622
Nicaragua,,4,7,10,5,5,8,7,7,4,4.4,8.9,13.1,6.5,8.3,10.3,7.1,6.8,9.5,11,14.2,18.2,10.6,16.4,11.9,13.7,17.1,723.5465335,760.0382821,991.8258118,662.953573,249.8444627,243.5613194,351.3978396,413.9198799,396.7974083,854.5495269,897.7156165,916.5190995,917.1286485,951.8731568,981.020291,1016.021552,1043.600758,1010.146886,1015.562598,1091.505157,1175.114369,1245.142095,1350.587223,1517.803611,1478.971389,1523.481469,1679.7482
Netherlands,7079,8251,8192,8581,9736,10176,10106,11060,11360,11961,12089.4,12412.8,12444.3,12500.4,12168.2,12340.7,12117.4,12481.3,12661.5,13240.7,13894.1,13991.7,14215.7,14637.2,14868.4,15506.2,15508.3,9761.101172,13554.68074,16431.75251,17449.48415,17108.44246,20936.88201,21370.91674,23506.61346,22737.97763,24236.54566,28771.69291,28498.68,26250.37444,27450.71919,27822.83658,25958.15308,26554.06303,28762.19453,35186.87093,39678.81633,41199.72556,44011.28267,50861.06642,56628.75117,51909.5849,50341.25192,53537.27515
Norway,2072,2293,2185,2192,2247,2426,2403,2655,2637,2805,2920,2931.8,2964.9,3038.7,3042.5,3136,3214.6,3099.9,3130.5,3371.3,3651.2,3896.2,4081.9,4299.9,4440.1,4460.9,4777.1,15753.55277,18883.2658,22505.89771,24207.28147,24281.09614,28242.94374,28596.933,30523.98506,27963.66522,29315.84191,34875.19739,37321.44339,36628.51742,34788.77856,36371.39579,38146.71539,38549.58934,43061.15038,50111.65445,57570.26916,66775.3944,74114.69715,85128.65759,96880.50961,80017.77681,87646.2701,100575.1173
Nepal,,18,14,20,18,20,20,25,21,24,32,29.6,38.7,37.4,39.9,44,43.7,42.7,54.9,65.7,65,80.9,72,56.2,55.9,57.7,63.5,156.7465278,166.7907662,169.2553069,195.1840608,192.7888638,193.5556313,203.8472967,172.0775865,180.1850079,194.9610926,205.7465272,206.4409708,219.6310635,212.3742546,215.8966735,231.4329676,248.8329359,246.8035835,254.5539382,288.6695954,318.7480983,350.608465,396.1697728,476.5565582,483.4034115,595.4275198,695.8831983
New Zealand,1703,1994,1860,2075,1993,2227,2102,2253,2256,2454,2442.3,2575.5,2726.3,2801.7,2915.4,2850.8,2850.9,2739.8,2799.8,2825.1,2987.2,3081.8,3175.8,3323.4,3188,3400.9,3471.8,7600.6125,9427.586476,12330.91683,13759.07716,13312.38559,13663.03957,12230.08955,11793.1543,13094.32997,15280.24532,17400.34786,18794.5104,17474.17036,14738.47316,15322.2509,13641.05719,13882.89997,16895.45795,21941.05064,25461.13844,27833.60146,26630.35668,32382.26671,30972.12382,27998.56192,33394.06934,37896.85961
Oman,,2,1,13,20,27,32,37,42,46,57.1,51.5,63,79.5,89.4,92.3,100.8,113.4,108.1,98.7,110.8,108.2,129.4,124.6,114.1,120,144.4,6677.481701,4690.490043,4820.013103,4994.503487,5380.229598,6448.134801,5993.348171,6289.301294,6046.230265,6038.149179,6297.197627,6882.594636,7109.660475,6330.726745,7059.214725,8710.987805,8559.565811,8670.263784,9070.494699,10115.04361,12398.59435,14575.1604,16225.65999,22963.37816,17518.83331,19920.64957,21164.33576
Pakistan,,161,210,235,263,257,315,277,349,324,313.2,254.9,268.1,268.1,295.9,267.1,279.4,342.5,359.7,413.1,493.1,600.7,741.2,947.6,1043.4,1109.6,1267.9,337.9254479,335.0491892,339.2773911,379.3378132,384.2988265,371.817707,410.830281,428.0662199,441.5725594,434.0302614,494.5856103,503.7498281,484.5590062,471.1023571,465.9272423,534.915837,511.8111261,501.1854545,565.3238448,652.020213,714.03681,876.9511089,953.795686,1042.801705,1009.799319,1043.300205,1230.815428
Panama,,27,38,36,38,44,35,25,35,35,35.3,33.9,38.2,34.4,44.3,38.2,50.9,49.9,49.7,60.7,54.1,57.5,77.7,75,72.6,82,66.9,2434.127166,2474.501007,2431.932796,2057.817299,2019.94695,2150.21388,2315.707196,2578.853972,2759.24278,2882.857697,2887.413832,3335.462253,3534.848439,3755.088218,3857.089421,3836.730058,3825.050933,3902.531475,4038.456074,4348.663487,4659.023089,5072.219262,6142.947966,7112.398708,7283.556981,7958.58369,9036.037414
Peru,,51,50,68,67,77,70,73,66,64,65.1,69.8,75,65.6,61.8,79.3,93.8,87.6,130.3,106.2,134.4,134.8,153.4,161.1,158.6,147.1,161.7,824.2538562,742.1391698,985.4106024,718.7983416,1024.993383,1177.920121,1514.79293,1547.267416,1476.279342,1849.830539,2162.742808,2208.409604,2289.172201,2164.101954,1929.98651,1967.24378,1964.565961,2046.402544,2191.367377,2445.432139,2714.488737,3143.580588,3611.250431,4244.513114,4178.814663,5056.329094,5731.346567
Philippines,,151,128,127,149,157,148,150,148,141,144.7,157.8,170.4,171.4,175.8,184.6,141.2,181.5,183.6,163.1,177.9,180.6,194.8,224.1,223.3,221.7,241.3,565.762166,535.2377857,579.2070504,643.8249071,704.990793,715.3107015,715.1243617,814.0328482,815.6660624,939.1034195,1061.346194,1159.731687,1127.347175,967.1935537,1087.958325,1039.701764,958.010657,1000.778403,1011.286635,1080.086151,1196.54003,1395.213381,1678.852309,1929.133436,1836.874565,2145.241711,2371.851515
Palau,,,,,,,,,,,0,0,0,0,0,3.9,2.4,0.5,0.9,2.9,3.5,2.2,3.1,0.4,0.8,1.7,2.2,,,,,,5095.63258,5420.140909,5187.555052,4644.050168,4970.365963,5519.385685,6114.891212,6246.923798,6333.405312,6011.494862,7826.991041,8283.830236,8386.677281,8149.120988,8873.596628,9721.500588,9719.141458,9726.11239,9837.350507,9183.13537,9004.637216,9765.305503
Papua New Guinea,,69,59,57,56,48,42,39,40,43,40.5,30.3,28.9,33.8,32.8,26.8,32.4,26.4,22.1,18.4,15.9,15,21.3,19.2,17.2,15.5,21.1,658.9095402,702.102347,813.3302387,923.1705485,874.0708169,774.3639919,888.6466039,1001.962989,1110.245078,1197.234913,983.0753347,1065.114498,993.4574037,742.7872918,663.9585833,655.2502302,558.8829823,530.5840587,610.2002911,661.125039,799.4164059,886.410179,992.6584062,1223.208263,1210.852678,1418.926635,1838.722503
Poland,3964,3983,3751,4030,4245,3999,3919,4113,3848,4041,4549.4,4506.9,4565.5,4785.8,5100.2,5505.6,5629.4,6019.3,6581.8,6672.3,6853.8,7232.3,7137.5,7529.1,7358.6,7157.2,7564.2,,,,,,1698.006919,2192.665938,2411.859408,2449.238467,2819.69567,3612.189306,4066.842029,4076.365269,4483.236888,4351.363636,4492.758616,4981.198619,5196.894709,5693.407042,6639.890437,7976.107862,8999.739627,11247.55148,13906.2182,11440.57813,12530.3071,13776.08838
Puerto Rico,,,,,,,,,,,,,,,,,,,,,,,,,,,,6008.054486,6443.482051,6937.548121,7535.74227,8063.212243,8652.507492,9064.018517,9659.3389,10212.27676,10876.41882,11579.185,12173.16369,12817.64496,14304.40737,15220.97924,16192.1296,18243.71775,18972.76853,19820.20729,20988.99233,21959.32271,22935.94115,23664.88235,24898.33884,25768.73605,26435.72598,27219.39334
"Korea, Dem. Rep.",,2,4,7,3,2,3,2,1,0,0,0,0.5,2.5,2.2,1.6,0,1,3.8,5.7,4,2.5,10,10.6,8.3,12.3,4.4,,,,,,,,,,,,,,,,,,,,,,,,,,,
Portugal,232,370,378,429,510,587,640,712,794,914,990.3,1096.7,1255,1418.4,1710.7,1879.5,2081.2,2331.4,2424.5,2853.1,2911.5,3628.5,3424.2,3856.8,4156.5,4171.5,4621.1,2705.46005,3862.333582,4804.342536,5624.249398,6056.97915,7885.389075,8959.869242,10811.63798,9535.591971,9978.299604,11782.51883,12185.06673,11578.4414,12202.69228,12474.82215,11502.39636,11729.14426,12882.28771,15772.73588,18045.5926,18784.95335,19821.44284,22780.05624,24815.61133,23063.97293,22539.9945,23194.74385
Paraguay,,6,7,7,9,7,4,10,2,3,6.4,8.7,6.9,9.4,5.3,7.5,7.2,7.9,9.9,8.8,8,4.7,12.4,5.9,11.1,11,9.2,807.8362167,910.5164852,972.4312272,1022.105834,1120.875394,1351.578779,1615.479607,1614.673376,1596.144879,1692.239625,1903.467994,2009.649903,2000.910277,1773.24128,1614.903727,1545.625548,1417.26032,1148.229049,1174.779765,1408.527483,1507.145943,1809.724779,2312.205356,3059.86223,2600.215346,3228.327756,3988.024567
French Polynesia,,,,,,,,,,,,,,,,,,,,,,,,,,,,8602.522595,12781.29338,13750.14408,14163.82683,13572.58733,16036.73088,16173.48584,17334.40076,17732.74842,16647.1582,18505.45932,18034.75376,15943.3189,16530.17251,16299.28428,14530.22602,,,,,,,,,,,
Qatar,,17,20,30,33,24,35,37,32,36,23.5,28.2,22.2,28.5,22.8,17.3,20.7,12.8,20.9,48.1,39,42.1,48.3,59.9,64.2,104.4,111.3,16582.5308,12685.64395,12865.77169,13562.77219,14010.89251,15447.59511,14189.48184,15614.9754,14542.37474,14892.49457,16242.72084,17698.72493,21388.7235,18693.32531,21717.83677,29926.36253,28577.30082,30523.48993,35221.52546,43346.86306,53207.33365,61593.67297,67612.49404,82990.07096,61463.90358,70870.22658,89115.90149
Romania,,562,476,393,513,377,395,568,507,675,678,823.5,916.9,847,917.2,970.9,926.9,965.2,874.9,938,887.8,1014.8,1252.3,1397.9,1366.9,1544.9,1625.9,,,1658.758634,1753.192792,1789.644638,1650.692978,1254.148271,1100.727876,1158.056394,1323.024403,1563.949628,1562.1235,1564.50842,1871.18898,1583.849846,1662.217535,1833.81266,2116.312063,2756.332583,3533.266078,4651.692261,5789.209787,8169.975926,9949.190249,8069.022884,8139.146673,9063.700806
Russian Federation,0,0,0,,,,,817,19659,21612,18603.5,18553.3,18133.4,17165.6,17145.4,17180.1,15657.9,15847.2,15147.8,14921.8,14424.5,13561.6,13953.7,13970.2,14057.2,13500.4,14150.9,,,,,3428.770639,3485.119575,3427.312137,3095.087225,2929.303318,2663.456986,2665.722347,2643.907136,2737.556662,1834.846937,1330.751464,1771.586602,2100.362386,2375.059044,2975.132778,4102.372294,5323.466034,6920.194398,9101.256706,11635.27424,8562.813697,10674.9972,13323.88338
Rwanda,,8,11,10,14,8,4,12,13,10,9.6,5.9,5,6.6,2.7,1.4,2.8,2.4,1.3,4.9,5.6,10.4,12.3,8.6,11.7,13.4,22.4,280.4243006,303.3588912,319.9804028,339.8790017,332.2268769,351.2778271,270.3286654,302.2568044,312.9228082,125.6901275,218.7703012,226.6981976,284.5872453,282.2886646,239.633609,216.2758944,201.0640419,196.4447015,212.5120519,236.6292142,286.5674694,336.942281,398.2084859,491.9404166,529.5965562,553.5974576,606.9028864
Saudi Arabia,,487,552,569,577,644,613,653,713,734,753.2,734.5,676.2,682.7,604.9,590,564.7,582.8,549.3,550.8,576.3,557.6,589.2,620.8,711.4,1003.2,1491.2,7776.037622,6204.223096,5852.601547,5791.395082,6030.26897,7137.392233,7775.70177,7834.236438,7386.668429,7310.95056,7555.965554,8159.980914,8328.97123,7180.15044,7728.676388,8808.875367,8315.739302,8317.908575,9186.310388,10756.01622,13273.71255,14826.9167,15947.40579,19436.85716,15655.08337,18753.98123,23256.09561
Sudan,,96,83,92,76,69,66,71,55,48,48.2,45.8,42,52.1,43.1,36.9,33.9,47.1,37.4,41.7,47.1,35.7,35.9,56.4,63,79.3,69.3,552.7058172,688.8514067,867.1985137,635.5565953,610.4594979,481.4966602,428.4327166,256.509445,313.6658782,437.6845823,458.798762,290.4388385,365.5386205,342.2667228,315.9874823,352.4981434,368.5150163,402.2317986,466.0277419,550.7572464,661.6375946,868.3094475,1081.159321,1248.377469,1183.18964,1421.532375,1596.433463
Senegal,,0,0,,,,,2,,75,68.1,69.7,61.8,67.3,75.5,73.6,58.8,51.4,76.7,63.2,82.8,53.3,68.4,59.9,56.3,61,79.3,460.1101335,631.1755008,736.240052,705.858358,674.3733981,760.7787608,724.8458728,751.4808779,689.668087,457.479024,560.0804891,566.6832875,509.9214576,535.8885218,534.8551784,474.5771416,482.0680383,513.3918302,642.6259792,732.3180927,772.6523826,808.2884239,948.5067592,1094.576476,1018.389551,998.1196955,1081.131518
Singapore,289,358,401,410,517,572,599,755,854,1022,1141.4,1141.2,1338.5,1584.2,1897.2,2361,2434.3,2631.9,2939.4,3384.3,3611.2,3838,3793.3,4069.3,4187.8,4377.3,4542.8,6781.817641,6864.249173,7786.613947,9316.388477,10711.03394,12766.19211,14504.52192,16144.32852,18302.37408,21578.13947,24937.31312,26262.2844,26386.61798,21824.08604,21796.38078,23793.03637,21576.86984,22016.71267,23574.00256,27404.57524,29869.63276,33578.88807,39223.52986,39722.11502,38576.95923,46569.68854,53122.24973
Solomon Islands,,4,1,1,2,2,5,3,2,3,0.7,1.8,4.5,4.4,7.7,4,1.7,0.8,4.1,1.2,1.1,2.6,2.1,1,2,2.9,4.9,857.8254827,755.7500185,831.7633881,1053.302709,1095.722985,970.0689337,998.7252018,1147.867918,1210.413374,1330.727669,1445.662731,1529.793228,1495.079761,1206.633242,1201.573044,1055.210356,945.5289267,785.6255585,745.4571873,819.3012297,881.9647785,950.0576951,1048.771486,1208.344196,1161.22881,1276.348513,1648.854127
Sierra Leone,,10,12,15,6,9,10,9,5,6,3.8,10.4,9.3,2.2,1.3,2.8,4.3,1.8,0.6,1,2.1,1.6,2.6,2,2.9,6,4,247.2243568,137.3402768,190.4720473,278.3071056,240.5682445,165.2532645,197.6688858,173.0635022,197.4406409,236.3358888,226.8896637,245.6898333,221.2109347,173.3609028,169.515997,156.5918666,255.7885644,280.1811714,295.0797751,293.8545066,320.9953668,359.5337138,400.3809371,453.7363655,434.5343629,446.3417657,496.2179691
El Salvador,,2,1,5,3,6,2,1,2,3,1.9,3.7,1.9,0,1.1,3.4,3.1,7.6,1.2,4.3,5.8,5.7,4.5,2.9,5.5,5,8.6,772.2863474,756.370605,783.4789984,818.7233919,843.3697753,914.094639,998.0126188,1104.329226,1270.26929,1462.659632,1699.93503,1827.899428,1956.098589,2093.487271,2158.142965,2259.888269,2363.271031,2435.472748,2549.886636,2666.339695,2874.257256,3108.592529,3358.421252,3569.335393,3431.280068,3547.070983,3821.33859
San Marino,,0,0,0,0,1,0,0,0,0,0,0.5,0.8,0.8,0.2,0,0,0,0,0.3,0,0,1.6,0.8,0.3,0.6,1,,,,,,,,,,,,,,,31493.2974,28224.20286,29354.5509,31268.46741,39375.2288,45597.516,47035.65435,49682.09366,56489.50138,62993.36722,,,
Somalia,,7,8,8,13,9,8,6,3,3,1.4,0.8,0.5,0,0.5,0.5,0,0.8,0.5,0.3,0,1,0,0.1,0.7,0.4,1,144.420441,152.9444513,164.4906403,166.9995232,173.7969402,145.0648693,,,,,,,,,,,,,,,,,,,,,
Serbia,,,,,,,,,,,,,,,,,,,,,,435.3,1057,1043,1172.6,1165.3,1269.1,,,,,,,,,,,,,3178.831484,2416.069077,2441.430389,870.1365252,1634.875061,2148.903537,2832.490652,3331.228766,3528.131008,4129.758741,5458.121718,6701.773913,5821.305397,5411.877404,6423.291783
South Sudan,,,,,,,,,,,,,,,,,,,,,,,,,,,,,,,,,,,,,,,,,,,,,,,,,,,1688.677351,1271.02046,1563.948571,1696.162406
Sao Tome and Principe,,0,0,0,0,0,0,0,0,0,0,0.3,0,0.3,0,0.5,0.3,0.9,0.5,0.3,0,0.3,0.5,0.2,0.1,1,0.3,,,,,,,,,,,,,,,,559.2524608,546.7985928,591.3825395,692.2484036,739.4769441,804.8431372,863.3184867,901.2598501,1121.458396,1175.110881,1176.485935,1421.6574
Suriname,,0,1,2,5,2,2,2,3,3,1.3,2.6,2.6,1.8,3.4,2.9,2.8,4.4,4.2,3.9,3,1.9,1.8,2.8,1.1,1.3,1.4,2350.801817,2363.564499,2552.251013,2962.605684,1355.84918,951.0723138,1077.468106,955.2095039,995.1105188,1381.51989,1556.581182,1897.112821,2014.016323,2014.461489,1861.596524,1855.77231,1576.724046,2217.697802,2606.827725,3033.018889,3645.894998,5295.527145,5862.050975,6973.098239,7561.450701,8430.854783,8450.258033
Slovak Republic,0,0,0,,,,,44,,1151,1079.2,1140.2,1069.7,1140.4,979.4,978,923.6,954.4,897.9,1070.2,921.8,1006.9,970.7,1084,1000.4,1050.9,1098.8,,,,,,2395.558976,2680.03345,2908.800467,3089.44063,3755.728713,4799.156415,5177.751223,5137.809021,5532.270407,5635.452319,5402.043094,5707.513359,6536.231078,8711.648972,10671.33536,11665.50981,13111.77166,16006.88076,18558.88684,16455.16583,16509.89692,18065.67259
Slovenia,0,0,0,,,,,10,404,459,434.3,476.6,603.2,622.9,707.8,891.6,850.6,848.3,950.9,928.7,1035.4,1062.7,1282.8,1305.9,1234.9,1151.4,1239.3,,,,,,,,,,,10690.71278,10801.41329,10447.91508,11165.31142,11442.02282,10227.75111,10479.31264,11814.10709,14880.46899,17260.90239,18169.17979,19726.13825,23841.32389,27501.81752,24633.79608,23417.64045,24964.80172
Sweden,6698,7656,7378,7573,8126,8172,8139,8273,8547,8972,9287.2,9557.9,9655.1,9835,9889.7,9883.4,10022.3,9872.2,9676.5,9853.6,10016.5,10105.3,9917.5,9681.7,9480.1,9418.5,9472.9,13474.16188,17727.49503,21485.29481,24188.76538,25300.39583,30162.31625,31374.11682,32338.50429,24080.89967,25747.24169,29914.33175,32587.2641,29897.79263,30143.62746,30577.08177,29283.00505,26969.24457,29571.70446,36961.42537,42442.22045,43085.35315,46256.4716,53324.37937,55746.84238,46207.0592,52076.43052,59593.6848
Swaziland,,2,6,5,8,6,5,9,4,4,5.2,6.3,5,6.3,4.3,4.3,2.4,3.5,5.7,2,2.8,1.4,4.3,6.2,7.5,9.5,12.1,511.7207431,611.2584661,761.170993,863.5636293,835.8434836,1292.067822,1303.065206,1415.023382,1465.311842,1503.133746,1763.476293,1627.984086,1705.172944,1532.918723,1476.776192,1433.18124,1255.474129,1131.243533,1704.153913,2211.089257,2339.289953,2636.320016,2690.928392,2617.360094,2679.6706,2956.696795,3139.731322
Sint Maarten (Dutch part),,,,,,,,,,,,,,,,,,,,,,,,,,,,,,,,,,,,,,,,,,,,,,,,,,,,,,
Seychelles,,1,2,0,0,0,1,1,1,1,5.5,5,1.7,2.7,1.7,4.5,3,1.5,4.2,1.9,2.8,2.9,4,3.6,4.3,2.9,5.7,2505.761546,3062.21118,3646.819562,4122.593014,4393.177023,5265.496556,5290.927229,6051.986461,6517.814629,6580.334184,6748.931109,6583.201018,7280.989621,7715.918147,7747.612159,7578.851053,7663.13708,8333.551352,8523.005025,10173.57488,11086.89089,12014.418,12155.70166,11123.00451,9707.265391,10805.09945,12188.97553
Syrian Arab Republic,,15,25,19,28,34,31,49,49,48,50.8,45.1,60.5,44.3,57.8,54.6,62.8,48.6,68.3,79.3,76.8,62.4,79.6,66.5,71.5,100.8,110,1537.748922,1206.201744,998.3686454,901.6919597,815.0905239,988.522325,1012.81485,1005.109809,1010.053364,726.0599561,795.195144,935.7604034,957.3172087,976.366134,993.8297409,1181.719202,1263.885859,1269.729208,1261.42609,1419.593379,1591.530192,1779.821049,2079.987864,,,,
Turks and Caicos Islands,,,,,,,,,,,,,,,,,,,,,,,,,,,,,,,,,,,,,,,,,,,,,,,,,,,,,,
Chad,,1,0,1,1,0,1,1,2,1,3.2,1.4,1.9,2,2.8,2.8,2,4.4,5.4,2.8,7.2,6.1,3.3,3.1,2.3,1.7,1.7,202.8550213,203.622442,215.0799701,265.4354955,248.5038076,291.8091744,305.1655083,296.3458445,223.1712788,174.1945723,206.5117899,221.9471769,206.119566,224.8400976,190.8154106,166.0080155,197.3022751,220.7953519,292.5815828,454.6552834,660.1815568,712.0468098,801.4016004,929.2796449,803.9143523,895.8779959,988.4431598
Togo,,6,3,2,6,5,7,5,8,6,9.1,4,5.2,9.9,9.9,12.1,10.2,5.5,9.8,10.9,10.4,10.2,12.1,8.2,6.7,11.6,8.2,234.3562735,315.4238521,359.7160647,385.2078887,367.2193795,430.01123,412.2352329,424.9015664,302.2241241,235.0388494,305.6245119,333.591597,332.6223481,343.2228627,331.9725559,265.5016693,266.1345662,286.7580801,316.7920611,356.8307972,379.1808981,384.2885486,428.4015774,522.6250589,508.5405357,496.4824726,572.0256861
Thailand,,226,235,287,272,282,298,300,317,383,339.6,386.6,405.3,540.8,549.5,663.3,726.9,834,1018.6,1130.5,1248.9,1568,1727.7,1959.5,2033.4,2106.4,2304,747.4945039,813.1041156,936.1969426,1122.578863,1294.519446,1508.287909,1716.610657,1929.530969,2146.56058,2457.446655,2834.986418,3038.590635,2492.222422,1826.251038,1978.730222,1957.548967,1821.904725,1978.227443,2200.64983,2466.798711,2677.515612,3129.437533,3722.135849,4101.797482,3962.71358,4781.799391,5166.764888
Tajikistan,,0,0,0,0,0,0,0,61,61,35.9,22.8,25.3,16.1,26,16.2,21.1,29.1,18.3,19.5,16.2,15.9,21.7,13.5,12,22.3,18.4,,,,,,496.3664537,468.0240177,345.6771837,293.1731154,236.0452889,212.9067853,178.0711659,155.2766173,219.5706981,178.2974897,139.1091416,171.812885,190.6049112,237.8931931,311.4241128,339.7680768,407.2526117,523.9476512,711.5036299,671.5440088,744.1898922,841.2198704
Turkmenistan,,0,0,0,0,0,0,0,20,9,7.3,7.3,6,2.7,0.8,4.9,2.8,3.2,2.3,1,1.2,1.1,1.6,0.3,0.5,1.3,0.5,,,698.1385592,859.0408868,854.1928716,881.1523546,847.54172,824.4621526,796.4158445,625.347602,592.6987853,557.510449,565.0576697,592.8360328,550.7870249,645.2771015,776.5722304,969.9700335,1286.014261,1455.93605,1706.956726,2140.455472,2606.741976,3918.934927,4059.961511,4392.719583,5724.537102
Timor-Leste,,,,,,,,,,,,,,,,,,,,,,,,,,,,,,,,,,,,,,,,,,,434.37974,522.0315806,496.1797512,487.3949761,484.088449,501.4292265,464.8351692,551.7205984,673.3745379,780.2611109,875.8365693,1002.327757
Tonga,,1,0,1,0,0,1,1,0,1,1.6,0,1.1,0.5,0.8,0.5,0.5,0.5,1.2,0.5,0,0.4,0.5,0.3,1.3,0.5,0.5,639.2415709,724.3550577,865.1271036,1126.502613,1120.091581,1193.49905,1387.152076,1436.437373,1449.670104,2025.292576,2112.307083,2283.190572,2197.906519,1946.490992,1998.701222,1926.732502,1697.004072,1836.290404,2089.217043,2357.146474,2565.337978,2837.102374,2932.912668,3307.207034,3106.912134,3557.759882,4226.813244
Trinidad and Tobago,,48,34,37,52,45,46,52,52,56,48.3,43.7,41.1,52.9,38.7,43,42.3,44.7,46.5,50.4,47.3,41.7,67,46.4,47.7,53.4,60.2,6299.239269,4049.110381,4014.037466,3732.130279,3562.085081,4147.68298,4360.352264,4470.448445,3684.192619,3956.764516,4246.382397,4577.000984,4551.325455,4786.930372,5383.521808,6430.94978,6935.705016,7049.609901,8750.393697,9984.008412,12323.2197,14096.02318,16530.15372,21187.9821,14508.77069,15494.70297,17637.14281
Tunisia,,76,83,96,107,104,121,131,91,135,143,160.4,220.2,226.8,256.8,292.3,351.5,354.8,436.1,454.5,571.3,656.4,758.1,851.2,1022.4,978.3,1015.5,1158.370188,1203.554918,1261.815681,1284.90486,1269.286441,1507.231456,1571.828353,1825.379132,1704.223758,1779.307673,2012.936266,2154.986939,2251.3929,2336.083943,2426.388363,2247.912995,2286.50046,2373.781378,2790.004368,3139.537202,3217.885971,3394.365224,3805.276672,4342.676318,4162.586737,4212.154667,4305.063735
Turkey,326,386,436,507,668,750,846,1048,1172,1397,1714.7,2228,2480.7,2795,3222.7,3484.1,4150.9,5226.1,6038.8,7434.3,7816.5,8180.5,8640.7,8543,8307.1,7950,8328.4,1367.180989,1508.914114,1703.630331,1742.929589,2019.036668,2790.580487,2750.730314,2850.59697,3181.633364,2268.581235,2896.090604,3052.498119,3143.264599,4389.724574,4009.133896,4215.162413,3053.865108,3570.546263,4586.811203,5855.53866,7117.322711,7727.272405,9309.509482,10382.31817,8623.949625,10111.51771,10584.16396
Tuvalu,,,,,,,,,,,0,0,0,1,0,1,0,0,0.3,0,0,0,0,0,0,0,0,,,,,,980.0917635,1034.174924,1070.26295,1052.80115,1184.938715,1194.936547,1331.51988,1366.002794,1366.76728,1460.070362,1458.94942,1393.332791,1621.333583,1901.033476,2232.602517,2252.892886,2353.403155,2768.434661,3094.684334,2763.18442,3238.496111,3993.651838
Tanzania,,90,73,64,71,69,77,93,94,105,97,102.6,98.4,96.1,87.2,95.5,80.9,92.9,76.3,88.8,107,128.2,122.8,129.7,152,131.9,121.1,,,,219.1589958,184.1513672,171.8745942,193.5753835,173.7861742,155.5555701,159.6537795,180.5642943,217.1541102,250.3206846,297.0125607,300.7665073,308.1440923,306.2721519,310.6316442,326.4841539,349.6209315,448.9298845,479.7036584,538.3888953,665.8375489,674.2321348,712.2331641,745.6113309
Uganda,,23,27,21,17,29,20,29,44,39,41.7,50.5,51.5,63.9,71.1,77.5,82.9,72.8,87.6,120.1,93.4,113.7,164.6,126.1,143.2,153.6,158.2,240.5607907,259.2374471,400.1404376,401.0981449,314.0340415,247.601674,184.8133287,153.8623001,167.9265898,201.6258306,281.9687578,287.2701338,289.1826002,294.7965827,260.5085667,260.6844737,238.0510659,243.6746249,241.6948011,292.843015,321.4357614,342.837264,409.870326,459.1097759,529.915657,567.2453445,544.6910663
Ukraine,0,0,0,,,,,162,2894,2923,2515.8,2420.2,2265.2,2283.9,2354.9,2267.6,2238.7,2182.8,1993.4,2011.5,2104.5,1909.6,1846.9,1843.6,1639.4,1682.1,1726.9,,,1249.443278,1449.962499,1597.492984,1569.730041,1489.679685,1417.869932,1258.136319,1012.105189,935.9680915,872.7091855,991.2301011,835.260299,635.7662419,635.7089635,780.7380243,879.4750486,1048.522488,1367.352433,1828.707277,2303.018831,3068.608998,3891.037823,2545.480341,2973.996481,3569.757027
Uruguay,,31,33,42,50,57,64,81,91,84,103.4,110.9,140.6,140.6,150.3,155.6,148.8,161.5,185.5,193.7,204.4,196.8,215.1,247.9,246.2,237.1,290.4,1571.103581,1939.970593,2415.601972,2676.201986,2731.949646,2989.993095,3577.91238,4082.015012,4720.392764,5458.069924,5984.129623,6316.262161,7327.925485,7711.085939,7247.398162,6871.903886,6281.373272,4088.772541,3622.051177,4117.310036,5220.957396,5877.879608,7009.67816,9062.290535,9415.153583,11938.21554,14166.55767
United States,137771,178266,172585,177662,187224,191559,194015,198864,197397,199769,193336.9,193161.2,189751.9,190431.4,188004.1,192743,190593.6,190496.1,196445.3,202097.3,205564.6,209272.3,209898,212883,208600.8,,,18269.44739,19115.03209,20100.87127,21483.23715,22922.46545,23954.4433,24405.19248,25492.95555,26464.82173,27776.61653,28782.17502,30068.22721,31572.69023,32949.19776,34620.9289,36449.85512,37273.6181,38166.03784,39677.19835,41921.80976,44307.92058,46437.06712,48061.53766,48401.42734,47001.55535,48374.05646,49781.35749
Uzbekistan,,0,0,,,,,50,275,290,326.9,249.5,269,243.5,240.6,222.5,195.2,183.6,174.5,170.3,157.4,139.2,166.2,121.5,139.2,124.7,140.9,,,,,,651.4204675,658.6563436,603.9349974,597.0252688,576.4434177,585.9320399,600.5981578,623.0026524,623.2161328,702.4807441,558.221144,456.7034892,383.3494997,396.129969,465.1198869,546.7768502,642.9604146,830.4076942,1023.119641,1181.84736,1377.08214,1544.827773
St. Vincent and the Grenadines,,0,0,0,0,0,0,0,0,0,0.3,1,1,0,0,0.3,0,0.1,0,0,0,0.7,0,0.5,0.3,0,0,1080.443346,1216.518264,1344.101793,1544.817767,1655.721306,1843.635453,1970.973174,2159.136348,2208.887109,2249.679099,2464.636954,2604.771679,2713.589367,2945.172106,3076.286032,3672.58926,3982.250865,4270.766863,4446.594383,4808.038668,5064.218215,5608.204138,6272.85933,6370.437886,6177.497428,6233.036945,6191.999409
"Venezuela, RB",,307,293,292,328,314,329,377,395,420,437.3,426.2,488.4,533.9,498,515.8,510.1,536.4,576.8,475.3,534,525.1,497.7,496.8,353.5,341.6,302.1,3309.089959,3278.793986,2459.29279,3089.417985,2173.598837,2367.717524,2544.448876,2811.146422,2732.673612,2601.850407,3375.089125,3013.729081,3714.617216,3875.904843,4078.287002,4785.153059,4928.17304,3657.193748,3233.956106,4273.365372,5435.87226,6740.236779,8325.216583,11224.6467,11534.8406,13581.35338,10754.59288
Virgin Islands (U.S.),,,,,,,,,,,,,,,,,,,,,,,,,,,,9256.074766,9723.943662,10828.30249,11527.27334,13047.57313,15050.54714,15945.49982,16752.27713,18728.24343,,,,,,,,,,,,,,,,,,
Vietnam,,45,48,52,66,60,65,74,67,61,103.5,117,120.5,99.7,110.9,146.8,155.2,144.4,205.1,167.4,221.3,224.6,283.2,362.7,326.2,389.6,431.5,239.4286953,437.1295435,593.6535736,401.874911,97.15788506,98.031869,142.9658899,144.1486586,189.2605161,229.9548051,288.0202779,337.0500628,361.2544883,360.600798,374.4764201,433.3337077,448.8822798,477.1058763,530.8618494,606.9043783,699.499779,796.6715738,919.2092656,1164.612525,1232.369671,1333.583526,1543.02695
Vanuatu,,3,3,1,2,3,1,4,0,2,1.3,1.2,1.9,0.8,3.6,3,1.3,3.9,2.8,4.1,4.6,1.8,1.6,2.2,3.6,1.7,4.7,951.3220908,892.1482318,961.1041455,1065.842317,1011.411604,1080.230278,1252.62792,1263.463418,1176.87044,1335.251681,1390.321422,1427.094151,1462.196383,1472.990156,1477.833673,1469.888862,1362.616128,1353.927839,1580.510668,1787.938265,1886.387734,2047.087669,2393.334621,2698.022128,2643.515554,2965.75121,3275.025202
West Bank and Gaza,,,,,,,,,,,,,,,,,,,,,,,,,,,,,,,,,,,,,1201.142566,1325.990131,1316.765035,1389.285731,1465.007469,1499.600865,1477.14935,1336.91872,1156.754334,1254.934345,1336.968902,1455.93368,1442.820391,1576.292123,1855.45702,1963.201519,2338.719877,2664.951385
Samoa,,2,4,1,2,2,2,5,4,5,2.6,0,2.3,1.5,1.3,0.1,0,1.4,0,2.5,0.1,2.5,1.1,0.3,0,0,0,597.2220795,628.6134086,693.8312731,824.0166621,758.5669867,772.211776,765.4958672,799.085796,796.1609819,1309.931549,1321.511368,1459.094641,1657.900941,1557.90752,1489.610697,1540.65373,1555.465191,1631.30447,1907.033698,2350.851102,2587.48893,2793.54312,3130.352598,3375.82164,3173.54224,3530.573994,4065.958222
"Yemen, Rep.",,0,0,0,0,0,0,0,11,4,9.3,8.2,13.6,9.1,10.7,9.9,14.4,11.5,9.5,20.8,8.3,23.9,18.2,12.5,25.4,20.9,33.3,,,,,,472.1348689,471.7410829,488.0066834,384.8741898,284.7898668,278.9694561,365.3790813,418.2947354,375.8315034,441.5692834,541.5129915,538.2873198,567.8219633,607.9158043,696.0549607,817.0824167,904.6056001,1181.215176,1361.717209,1239.837119,1310.053839,1282.398832
South Africa,2025,2653,2670,2523,2499,2406,2552,2419,2377,2459,2350.7,2215.6,2222.9,2224.7,2302.5,2220.7,2291.4,2328,2204.8,2319.5,2395.4,2642.7,2808,2915.5,2863.8,2971.8,3124.6,2142.114701,2475.10247,3158.667713,3398.619067,3621.49758,3182.23967,3345.827626,3557.128685,3584.099342,3650.486114,3973.932383,3690.178479,3728.333992,3288.203765,3183.149769,3099.131614,2705.780204,2535.490042,3799.439554,4892.039055,5444.075846,5660.116974,6153.655167,5811.618944,5912.143179,7389.960264,8080.865243
"Congo, Dem. Rep.",,31,30,38,31,29,21,26,21,19,19.3,13.8,15.8,6.9,6,7.4,2.8,5.2,7.1,4.6,6.2,3.8,7.2,11.1,19.1,14.7,20.6,239.9494097,262.5884758,241.5275309,271.081377,267.2110835,267.421309,,,,143.1361591,133.8679371,132.9193074,136.698547,136.1663963,100.6932432,397.264871,150.4213805,171.2340121,169.9085913,189.5887135,213.310459,246.8028136,273.4864797,310.7310244,286.0481803,311.247896,350.2706542
Zambia,,44,34,51,44,36,23,40,24,24,35.9,22.5,28.7,29.9,25.9,22.6,30.1,28.6,22,25.6,30.9,39.6,35.9,42.2,34.9,43.3,59.6,320.9864568,229.8121159,303.2759269,484.5168889,504.3123135,403.8222425,403.85571,371.0872875,372.2407349,405.4907279,411.4088244,378.5613534,440.7418914,352.5609292,330.2145971,340.1565499,376.9774036,376.4684675,429.0099018,530.5563163,691.8089456,1030.31536,1103.486577,1365.721205,1134.772998,1456.126526,1654.525289
Zimbabwe,,98,77,116,123,131,103,119,124,139,111.5,113.9,125.3,110.1,104.8,102.1,111.6,96.7,86.8,63.8,62.2,63.7,80.1,65.6,56.1,70,62.9,636.072785,675.9005178,706.9481526,792.0301525,813.583737,837.7690557,802.8851432,612.6720133,583.1125397,600.4000067,608.6782436,720.1034311,707.2696544,523.6037695,554.2268118,535.1974215,537.7174828,499.716415,448.3731927,451.1715886,443.240136,414.6801151,397.9568723,327.1990837,594.4959701,676.7480933,768.5564101
